latitude,longitude,
35.654342,139.565084,
35.67100915,139.73300375,
35.70856829,139.67530779,
35.6982242,139.774657,
35.66817361,139.63689446,
35.67994862,139.76884254,
35.6985844,139.7745995,
35.67100666,139.7330008,
35.71094087,139.95351034,
35.6980624,139.7070897,
35.64812068,139.74565923,
35.68870034,139.60056815,
35.67100652,139.73300064,
35.67317513,139.73637552,
35.65432112,139.7080617,
35.70025263,139.48025465,
35.67316077,139.73637782,
35.67308966,139.73642191,
35.70460838,139.64960064,
35.50856499,139.67601702,
35.46619268,139.62269068,
35.67307204,139.73640827,
35.7069637,139.42331348,
35.653821,139.567215,
35.70854648,139.67542875,
35.6788713,139.77323134,
35.694458,139.792208,
35.64691362,139.70218033,
35.65178045,139.54507429,
35.6932704,139.79179036,
35.65178045,139.54507429,
35.65178045,139.54507429,
35.65178045,139.54507429,
35.73792608,139.76102829,
35.7838523,139.6786941,
35.65534567,139.70824151,
35.65178049,139.54507436,
35.67106683,139.73591665,
35.69329,139.791293,
35.65178055,139.5450735,
35.65707069,139.53021482,
35.71264521,139.77591365,
35.65178055,139.5450735,
35.69789146,139.41386461,
35.72838511,139.74771101,
35.7284266,139.74769159,
35.65795005,139.70075369,
35.652892,139.560152,
35.6978566,139.41392899,
35.67657386,139.62995531,
35.69715647,139.75626723,
35.53676622,139.702878,
35.72834942,139.74753884,
35.53132693,139.69690204,
35.67100686,139.73302509,
35.67884895,139.74031665,
35.69715647,139.75626723,
35.72849674,139.74796149,
35.67296977,139.73700098,
35.67976539,139.76381779,
35.72847411,139.747733,
35.72847809,139.74760048,
35.72851638,139.74773431,
35.71062751,139.77897021,
35.71062751,139.77897021,
35.72845717,139.74756131,
35.6985972,139.98727798,
35.646305,139.709272,
35.6560563,139.69335532,
35.656753,139.564328,
35.70741016,139.64970971,
35.59494379,139.34501901,
35.46619268,139.62269068,
35.55383074,139.51158235,
35.68116583,139.69155469,
35.65954106,139.69546228,
35.62703539,139.72178378,
35.65177726,139.54511245,
35.57742264,139.55844104,
35.71060746,139.7789883,
35.46619268,139.62269068,
35.46589558,139.62193966,
35.71264521,139.77591365,
35.53199049,139.43761826,
35.64596856,139.68179308,
35.652278,139.567403,
35.65176719,139.54516996,
35.46357664,139.53231029,
35.71062282,139.7789584,
35.71063576,139.77894992,
35.64887828,139.918348,
35.6948227,139.6975646,
35.489699,139.627881,
35.46361193,139.53133814,
35.53,139.7,
35.69360398,139.64016911,
35.64596753,139.6817949,
35.67656167,139.62995519,
35.65008157,139.67913407,
35.65008157,139.67913407,
35.65008084,139.67921331,
35.6948646,139.6975592,
35.71062886,139.77896202,
35.71264521,139.77591365,
35.65181142,139.54492291,
35.65181142,139.54492291,
35.69464794,139.70346113,
35.650482,139.56252,
35.7838523,139.6786937,
35.71063455,139.77894074,
35.6853806,139.6833693,
35.71156831,139.95901863,
35.6853698,139.6833767,
35.70472688,139.61892441,
35.6558975,139.7054979,
35.68485311,139.78382707,
35.65178686,139.54496078,
35.65178187,139.54505128,
35.6853841,139.6833731,
35.65178104,139.54506403,
35.70366793,139.64980781,
35.6854158,139.6833414,
35.6764839,139.8331054,
35.6517824,139.54505953,
35.6517824,139.54505953,
35.6517824,139.54505953,
35.6853842,139.683375,
35.6710065,139.73300062,
35.70701934,139.42324394,
35.6710065,139.73300062,
35.654246,139.562731,
35.685387,139.6833723,
35.6710065,139.73300062,
35.72495751,139.61131314,
35.67299186,139.73570875,
35.72845022,139.74768899,
35.67342505,139.73584504,
35.72849163,139.74761625,
35.64691362,139.70218033,
35.72840072,139.74780106,
35.72842184,139.74775816,
35.6853827,139.6833598,
35.67312055,139.73543052,
35.67251185,139.73473088,
35.67207597,139.73422987,
35.6717651,139.73387256,
35.6853966,139.6833533,
35.6765734,139.8330807,
35.6765734,139.8330807,
35.67100826,139.73300264,
35.64909923,139.71087351,
35.652074,139.56593,
35.66487104,139.70338716,
35.67100594,139.73299966,
35.6710065,139.73300062,
35.647374,139.566134,
35.6710065,139.73300062,
35.65188639,139.54449367,
35.6853979,139.6833659,
35.65182582,139.54480331,
35.65182582,139.54480331,
35.6766284,139.3881123,
35.69804707,139.74198378,
35.6766284,139.3881123,
35.65183143,139.54475716,
35.65183143,139.54475716,
35.65183828,139.54474109,
35.65183828,139.54474109,
35.653288,139.564158,
35.65183828,139.54474109,
35.65183828,139.54474109,
35.65183828,139.54474109,
35.65183828,139.54474109,
35.65185313,139.54467319,
35.65185313,139.54467319,
35.668147,139.643636,
35.65182338,139.54488035,
35.70665231,139.42370264,
35.68925376,139.58919645,
35.6766284,139.3881123,
35.70610985,139.42438058,
35.658665,139.549799,
35.68816745,139.72036809,
35.66089084,139.70763914,
35.703761,139.543314,
35.683668,139.6968851,
35.653109,139.566943,
35.66070685,139.69807684,
35.6710065,139.73300062,
35.654863,139.564629,
35.652935,139.564287,
35.694048,139.7046873,
35.77501299,139.90538606,
35.77506194,139.9053278,
35.650109,139.572549,
35.64691362,139.70218033,
35.653386,139.560773,
35.65258,139.559325,
35.653662,139.559902,
35.653575,139.561171,
35.65429,139.560262,
35.654502,139.561601,
35.72842617,139.74763472,
35.657597,139.559874,
35.72835797,139.74773417,
35.67177691,139.73459646,
35.67227086,139.73489598,
35.72835031,139.74802989,
35.72840869,139.74780601,
35.67110166,139.73315249,
35.67101469,139.73305198,
35.69454943,139.81361113,
35.72852621,139.74753934,
35.656005,139.566524,
35.654275,139.573596,
35.656066,139.571318,
35.661141,139.57376,
35.661248,139.574794,
35.661214,139.574856,
35.661189,139.574914,
35.72836338,139.74763258,
35.661167,139.574957,
35.661137,139.574965,
35.72839087,139.74768887,
35.67101174,139.73303349,
35.72837387,139.74772136,
35.6724619,139.73465702,
35.67451925,139.73709184,
35.67451523,139.73705026,
35.67355198,139.7360854,
35.67238455,139.73616228,
35.67246061,139.73638625,
35.661095,139.573044,
35.67246061,139.73638625,
35.67246061,139.73638625,
35.67237657,139.73624864,
35.67197891,139.73529671,
35.67209994,139.73501991,
35.67208755,139.73499703,
35.67214177,139.73503503,
35.67214177,139.73503503,
35.660884,139.571751,
35.67222949,139.73504385,
35.70402735,139.64993866,
35.67262324,139.73615784,
35.6991079,139.7060133,
35.67242416,139.73506656,
35.6725622,139.73528679,
35.6725503,139.73594268,
35.66515893,139.76979911,
35.43691864,139.6072328,
35.43694056,139.60723552,
35.68872833,139.69813538,
35.658908,139.577211,
35.46619268,139.62269068,
35.66089084,139.70763914,
35.67664648,139.76365149,
35.67505157,139.76331353,
35.65835,139.574491,
35.62698622,139.77544934,
35.6269453,139.77773845,
35.62752523,139.77879524,
35.46619268,139.62269068,
35.654119,139.56566,
35.6941823,139.703721,
35.65679936,139.75714445,
35.64833513,139.71081402,
35.61706983,139.73496346,
35.61681289,139.73432485,
35.671723,139.73440416,
35.68137872,139.76608157,
35.653036,139.561948,
35.62697446,139.722856,
35.6697168,139.7201842,
35.67612792,139.64320958,
35.67845487,139.63984609,
35.652563,139.560633,
35.652576,139.560508,
35.652582,139.560476,
35.652611,139.560369,
35.652645,139.560282,
35.60706511,139.73438971,
35.628157,139.739099,
35.607651,139.734349,
35.60624843,139.73484993,
35.63014573,139.74042892,
35.6214486,139.6800745,
35.6214486,139.6800745,
35.69527753,139.69034672,
35.6954752,139.69051674,
35.69527753,139.69034672,
35.6954752,139.69051674,
35.7856647,139.6268583,
35.6214486,139.6800745,
35.655606,139.554294,
35.6337885,139.7157708,
35.6340914,139.7158107,
35.6214486,139.6800745,
35.6308571,139.7211498,
35.677673,139.433537,
35.69080269,139.70027923,
35.6255051,139.7287325,
35.69555879,139.70259157,
35.63581265,139.69343994,
35.62593886,139.7422186,
35.72777124,139.77096319,
35.72900784,139.77134061,
35.65745373,139.7488923,
35.6214486,139.6800745,
35.67333983,139.73588025,
35.65992,139.54981,
35.69080269,139.70027923,
35.69002322,139.70779607,
35.69171374,139.69863474,
35.62025911,139.63991704,
35.49547069,139.64036325,
35.73641488,139.76287492,
35.70537552,139.64986146,
35.66351367,139.7695443,
35.61420058,139.39757932,
35.6191172,139.7255429,
35.77386961,139.77036713,
35.69241954,139.70132232,
35.6909698,139.7022926,
35.660421,139.549059,
35.47649652,139.60539311,
35.7047134,139.64946717,
35.6774802,139.7655553,
35.685597,139.803535,
35.6436285,139.6990948,
35.69002322,139.70779607,
35.6954752,139.69051674,
35.6252114,139.6970152,
35.656972,139.552994,
35.68137872,139.76608157,
35.67100698,139.73300924,
35.7257606,139.7736614,
35.6477451,139.70769735,
35.68955372,139.70258767,
35.69789146,139.41386461,
35.7086384,139.7739263,
35.6879244,139.7551349,
35.66140592,139.76075623,
35.69811799,139.41444397,
35.6830609,139.7216929,
35.66783293,139.71825673,
35.62887074,139.73976323,
35.651681,139.560042,
35.54994821,139.78641272,
35.6855643,139.7008802,
35.72568253,139.71950568,
35.66158365,139.76080071,
35.69080269,139.70027923,
35.77668717,139.74489212,
35.3960352,139.30591358,
35.70582855,139.66579914,
35.7033019,139.6646852,
35.69545615,139.69869375,
35.74964694,139.80514526,
35.39602067,139.31350172,
35.7420187,139.5722215,
35.69080269,139.70027923,
35.7032065,139.663526,
35.6799033,139.768518,
35.6802775,139.7687233,
35.7420466,139.5722242,
35.6985962,139.77301825,
35.7032065,139.663526,
35.7015568,139.6651901,
35.71358467,139.77644287,
35.650531,139.562764,
35.650507,139.562856,
35.69601175,139.43700078,
35.650511,139.562887,
35.70076826,139.42666761,
35.650521,139.562943,
35.650529,139.562977,
35.650536,139.563006,
35.6893653,139.6981659,
35.70048787,139.77178395,
35.50856499,139.67601702,
35.70174536,139.42864403,
35.77741726,139.74767966,
35.68137872,139.76608157,
35.74233684,139.32795346,
35.650968,139.564097,
35.650993,139.564215,
35.70176363,139.42868632,
35.69997164,139.77081031,
35.71358467,139.77644287,
35.77741726,139.74767966,
35.46619268,139.62269068,
35.56247785,139.71106821,
35.72492981,139.48197937,
35.6985613,139.7505691,
35.651181,139.565583,
35.7015466,139.42872926,
35.77741726,139.74767966,
35.70384108,139.59936015,
35.7016381,139.42870821,
35.75786033,139.79472422,
35.7420396,139.5722367,
35.6985962,139.77301825,
35.70168974,139.42880366,
35.67280523,139.73647418,
35.67294433,139.73620269,
35.7565594,139.9804055,
35.672943,139.73620049,
35.70165106,139.42837641,
35.652184,139.56982,
35.6949276,139.7451001,
35.68939589,139.82619524,
35.69439313,139.69280899,
35.70168768,139.42905438,
35.67147615,139.73377831,
35.68137872,139.76608157,
35.67293669,139.73619713,
35.56235565,139.71119776,
35.46532322,139.62431073,
35.6985962,139.77301825,
35.46020789,139.62391511,
35.70177852,139.42873027,
35.4592193,139.62327003,
35.70230879,139.7450316,
35.66538735,139.770512,
35.70051535,139.47906526,
35.70096973,139.50151459,
35.67512075,139.76324877,
35.6988737,139.7714164,
35.65516977,139.70954768,
35.6990372,139.74471509,
35.73286475,139.88160083,
35.65576249,139.89149771,
35.658421,139.583874,
35.68044948,139.76721823,
35.63032189,139.89461906,
35.66853801,139.91523026,
35.69789146,139.41386461,
35.44381981,139.63799,
35.71704056,139.7939866,
35.6954752,139.69051674,
35.69098667,139.70582453,
35.65486406,139.79626715,
35.67250634,139.71086386,
35.70311151,139.58019284,
35.50697736,139.61729648,
35.6755875,139.8712754,
35.67407267,139.66708527,
35.69660467,139.74763728,
35.69807225,139.77548003,
35.5718514,139.6588984,
35.5718514,139.6588984,
35.70491886,139.63591104,
35.6965473,139.7704173,
35.6985962,139.77301825,
35.6723912,139.8719357,
35.71079016,139.56476765,
35.70515766,139.64647433,
35.71079016,139.56476765,
35.71089884,139.56474615,
35.71089014,139.56491173,
35.6723912,139.8719357,
35.710788,139.5648224,
35.663986,139.588858,
35.71080301,139.56474355,
35.6839418,139.8330096,
35.60190811,139.36698362,
35.6839418,139.8330096,
35.6659844,139.8734223,
35.71073508,139.5648287,
35.68137872,139.76608157,
35.66413038,139.52701092,
35.71095842,139.56487838,
35.6986866,139.7717594,
35.71065242,139.56465404,
35.71088577,139.56481382,
35.7420477,139.5722428,
35.6292287,139.6054926,
35.6835883,139.832371,
35.6835883,139.832371,
35.6659844,139.8734223,
35.6835925,139.8323656,
35.6214486,139.6800745,
35.6835959,139.8323622,
35.6835959,139.8323622,
35.6835967,139.8323605,
35.6835968,139.8323603,
35.56266847,139.71361942,
35.6835969,139.8323603,
35.6214486,139.6800745,
35.6801405,139.8329121,
35.6801405,139.8329121,
35.709914,139.809866,
35.69498128,139.38363612,
35.6801405,139.8329121,
35.6801405,139.8329121,
35.6801405,139.8329121,
35.6644458,139.8652516,
35.65562249,139.33904171,
35.6835922,139.8323675,
35.6835922,139.8323675,
35.6837718,139.8317281,
35.6835894,139.83237,
35.6517314,139.54516878,
35.6517314,139.54516878,
35.6517314,139.54516878,
35.52451284,139.7227065,
35.73214124,139.76686774,
35.46619268,139.62269068,
35.73371973,139.76812541,
35.6645041,139.8605532,
35.753258,139.808473,
35.71061929,139.77895898,
35.73025918,139.71136854,
35.753258,139.808473,
35.68147677,139.76779742,
35.665582,139.587147,
35.65761683,139.78393938,
35.68147677,139.76779742,
35.65765349,139.78393773,
35.73356418,139.73976323,
35.63550374,139.53614818,
35.7396823,139.8013403,
35.64698489,139.74649715,
35.6644855,139.8619696,
35.7416013,139.8022624,
35.68137872,139.76608157,
35.6954752,139.69051674,
35.6835923,139.8323644,
35.69080269,139.70027923,
35.71209229,139.79842901,
35.6835881,139.8323689,
35.71209229,139.79842901,
35.6800091,139.736263,
35.6985962,139.77301825,
35.6835938,139.8323626,
35.65763165,139.78396436,
35.6954752,139.69051674,
35.6836204,139.8323424,
35.6800091,139.736263,
35.69080269,139.70027923,
35.71636946,139.77649927,
35.61887335,139.61750845,
35.6353872,139.53951044,
35.69080269,139.70027923,
35.6353881,139.53950973,
35.54270275,139.44414139,
35.668487,139.586547,
35.54395111,139.44516063,
35.709545,139.56453765,
35.70072311,139.77241695,
35.7565594,139.9804055,
35.54478043,139.76855993,
35.6640946,139.8599939,
35.673366,139.587591,
35.673439,139.587633,
35.63408333,139.71575,
35.71090219,139.56484051,
35.6560252,139.69334569,
35.66199896,139.747627,
35.51373721,139.54015407,
35.674873,139.588433,
35.66884376,139.62346986,
35.53183207,139.49468645,
35.70929539,139.56223865,
35.65726265,139.74983002,
35.66372185,139.88143223,
35.43934309,139.36423302,
35.65877707,139.74556192,
35.63014573,139.74042892,
35.56247782,139.71605033,
35.69296642,139.70381397,
35.53199049,139.43761826,
35.71243043,139.77394723,
35.72970912,139.7079742,
35.54270275,139.44414139,
35.71249363,139.77397699,
35.6985962,139.77301825,
35.71250323,139.77430648,
35.55176917,139.78119719,
35.5303638,139.6980834,
35.61969917,139.72855277,
35.68136321,139.53966702,
35.66188,139.70105,
35.49573106,139.44798231,
35.5430944,139.7065723,
35.6639505,139.8599662,
35.5078909,139.6108909,
35.43536372,139.35807444,
35.79123348,139.6913901,
35.680212,139.591355,
35.39680779,139.46539521,
35.71166395,139.77537008,
35.76379502,139.72682476,
35.68557,139.799271,
35.7258655,139.8016188,
35.67860003,139.76892941,
35.53839881,139.45161402,
35.43934309,139.36423302,
35.62557524,139.66482553,
35.6836695,139.8319862,
35.54994821,139.78641272,
35.52639154,139.6976513,
35.6933385,139.7022404,
35.6338943,139.5310986,
35.69101,139.778503,
35.65098572,139.63420105,
35.63305094,139.69108567,
35.66655792,139.7706306,
35.57574318,139.65971208,
35.68137872,139.76608157,
35.55022145,139.78405318,
35.70744898,139.95909333,
35.6781046,139.7645396,
35.64573181,139.74756897,
35.68156827,139.76657778,
35.68137872,139.76608157,
35.64191732,139.51398075,
35.6706763,139.70252395,
35.63452758,139.79161084,
35.37535169,139.50352013,
35.64805571,139.74164227,
35.44140736,139.36668992,
35.68940645,139.69675383,
35.685815,139.5938,
35.68151799,139.7689394,
35.6985962,139.77301825,
35.685958,139.594126,
35.6295353,139.79473829,
35.53132693,139.69690204,
35.65500341,139.70603633,
35.7241132,139.3077911,
35.67512075,139.76324877,
35.56420838,139.72440365,
35.68770538,139.70213771,
35.6754394,139.76289511,
35.69972115,139.7742033,
35.66355,139.8598483,
35.70205613,139.75291729,
35.69080269,139.70027923,
35.6295353,139.79473829,
35.68164016,139.76898909,
35.68131772,139.76866722,
35.55475529,139.78720113,
35.69913707,139.76642582,
35.46999231,139.46142459,
35.46982768,139.4613719,
35.7035416,139.7513938,
35.46415665,139.6202606,
35.72852708,139.7475792,
35.69733383,139.70425129,
35.72847683,139.74765941,
35.72858793,139.74771632,
35.72841221,139.74766251,
35.6966449,139.7901476,
35.52260939,139.73214109,
35.66615796,139.77066666,
35.6985962,139.77301825,
35.68625012,139.99021769,
35.72845688,139.74770174,
35.69540605,139.76182222,
35.68023814,139.70591084,
35.7420766,139.5722606,
35.7420637,139.5722697,
35.65852173,139.70132603,
35.6985962,139.77301825,
35.70205613,139.75291729,
35.65495996,139.74364758,
35.67995821,139.76501942,
35.67634057,139.76970968,
35.73175412,139.56489349,
35.6227467,139.7787337,
35.6200728,139.7786836,
35.690729,139.602364,
35.54994821,139.78641272,
35.69620262,139.69107366,
35.70033975,139.77115899,
35.48871854,139.62666316,
35.66515893,139.76979911,
35.630391,139.7921666,
35.72492379,139.61104384,
35.630647,139.7904354,
35.72893839,139.86252843,
35.6987976,139.77472901,
35.69128867,139.97583652,
35.70794991,139.7090283,
35.75075308,139.87156682,
35.67549605,139.76484776,
35.6458408,139.74478483,
35.58466496,139.74075079,
35.6322128,139.7910896,
35.6322402,139.7904712,
35.63002364,139.74038601,
35.72987292,139.91547022,
35.68433297,139.70251858,
35.69002764,139.83516991,
35.72356726,139.92866627,
35.6020668,139.3651506,
35.6518181,139.54379419,
35.69931665,139.77378496,
35.54978467,139.79263368,
35.6344247,139.7914973,
35.65811786,139.74336594,
35.65686276,139.99942407,
35.65879379,139.71750149,
35.7139636,139.8668214,
35.72262609,139.93017619,
35.69519725,139.6985089,
35.75135182,139.54590776,
35.60574112,139.7353127,
35.61969917,139.72855277,
35.5852255,139.6322473,
35.66222072,139.69529908,
35.6837768,139.303421,
35.67386627,139.66583252,
35.692894,139.610417,
35.63367739,139.71551657,
35.63014573,139.74042892,
35.68137872,139.76608157,
35.6954752,139.69051674,
35.6020668,139.3651506,
35.56673636,139.65730391,
35.69612271,139.57050562,
35.56925529,139.65865734,
35.68352252,139.76656437,
35.65850795,139.701325,
35.68147677,139.76779742,
35.573906,139.366895,
35.72596244,139.96254788,
35.6358525,139.7961239,
35.69527,139.615738,
35.5855163,139.6323382,
35.695358,139.615905,
35.72777124,139.77096319,
35.72843157,139.74763594,
35.7284275,139.74763216,
35.54483718,139.76805031,
35.60624407,139.73497868,
35.68417611,139.70206261,
35.66874218,139.75084667,
35.61565558,139.77611303,
35.7284451,139.74765161,
35.7284451,139.74765161,
35.68914616,139.77273844,
35.7284451,139.74765161,
35.68147677,139.76779742,
35.74898772,139.58620585,
35.63014573,139.74042892,
35.5853892,139.6323192,
35.6958025,139.70195532,
35.662505,139.697873,
35.54900659,139.75273706,
35.70601834,139.70646225,
35.66883034,139.75084869,
35.74964694,139.80514526,
35.699201,139.622209,
35.69439313,139.69280899,
35.54579195,139.76776129,
35.72855461,139.74760719,
35.73438229,139.34061972,
35.58305077,139.35658336,
35.40056399,139.5342046,
35.568853,139.393484,
35.39180845,139.52241416,
35.6431265,139.6980063,
35.58429861,139.6461753,
35.63014573,139.74042892,
35.67801912,139.76469755,
35.70110864,139.57526118,
35.6954752,139.69051674,
35.66357087,139.71094057,
35.4875526,139.6297906,
35.76379502,139.72682476,
35.67414634,139.70059603,
35.71343588,139.70906041,
35.4674597,139.62070584,
35.69973739,139.77082142,
35.69946612,139.77609339,
35.698483,139.7737619,
35.71984918,139.5826793,
35.44560834,139.62674551,
35.74931171,139.80505407,
35.6987754,139.7737893,
35.66872611,139.70501493,
35.66355,139.8598483,
35.69922476,139.77378879,
35.74977976,139.80546723,
35.6487939,139.349224,
35.704357,139.634543,
35.6991072,139.7659281,
35.52260939,139.73214109,
35.69210275,139.77167211,
35.6985962,139.77301825,
35.70655709,139.63616207,
35.6870713,139.7434156,
35.700226,139.771692,
35.68988,139.702266,
35.77804938,139.7208488,
35.77744582,139.72142443,
35.70601991,139.58164726,
35.6985962,139.77301825,
35.49929966,139.68347728,
35.57159963,139.37106869,
35.716074,139.697886,
35.66355,139.8598483,
35.78557814,139.81079936,
35.63463004,139.61090237,
35.43959142,139.62862372,
35.52260939,139.73214109,
35.64603043,139.71110702,
35.6295353,139.79473829,
35.68816284,139.76966408,
35.66515657,139.71244677,
35.653892,139.745241,
35.66669205,139.75813274,
35.642969,139.671196,
35.73733389,139.76174712,
35.73767353,139.76135015,
35.66229986,139.58487153,
35.73029335,139.70903564,
35.69329899,139.69535778,
35.65654655,139.53974605,
35.56794555,139.66339588,
35.72770157,139.77098465,
35.69536031,139.70106483,
35.66669205,139.75813274,
35.6803093,139.76775393,
35.66218075,139.76455706,
35.72810221,139.77127433,
35.66782643,139.70664424,
35.6955508,139.69221,
35.63418764,139.8938082,
35.68779405,139.6783326,
35.65675577,139.54213858,
35.6950821,139.6917502,
35.797792,139.81063,
35.69959264,139.77455735,
35.46063718,139.62009698,
35.69536031,139.70106483,
35.690983,139.634372,
35.66009696,139.72970942,
35.68490812,139.77450371,
35.67260685,139.71817195,
35.532172,139.63738939,
35.67192266,139.76422548,
35.67185355,139.47744713,
35.68958541,139.69779253,
35.6985962,139.77301825,
35.46619268,139.62269068,
35.69368245,139.70219269,
35.66,139.73,
35.6911904,139.97579263,
35.6964163,139.6916427,
35.68038731,139.76779429,
35.68032333,139.76779643,
35.70706059,139.76844679,
35.67198367,139.76395726,
35.672868,139.763171,
35.66495645,139.87517497,
35.54241685,139.4486475,
35.6017922,139.3671057,
35.65286876,139.6384171,
35.69080269,139.70027923,
35.66523752,139.87485985,
35.68219541,139.70107516,
35.74233249,139.79707718,
35.74244479,139.7968813,
35.75050434,139.68129885,
35.70028448,139.77080504,
35.74285686,139.79320556,
35.68116273,139.6916343,
35.70821607,139.77132394,
35.66076121,139.69940729,
35.6502414,139.55860198,
35.66512955,139.87489999,
35.65797184,139.57503319,
35.6295353,139.79473829,
35.67171699,139.76645251,
35.70826778,139.77123896,
35.6956481,139.6912725,
35.613476,139.6715567,
35.69966567,139.77179753,
35.66199298,139.69706799,
35.678262,139.596711,
35.6956481,139.6912725,
35.68147677,139.76779742,
35.6956481,139.6912725,
35.49880312,139.63325522,
35.63626717,139.8834309,
35.68794066,139.72006559,
35.674242,139.599998,
35.674778,139.599048,
35.671874,139.599166,
35.672074,139.598395,
35.671086,139.598564,
35.4984166,139.633115,
35.670485,139.598561,
35.74417601,139.67821141,
35.440937,139.628676,
35.44121468,139.62997465,
35.66890888,139.75082724,
35.6956481,139.6912725,
35.65873242,139.6955663,
35.74531765,139.6747109,
35.66233551,139.67010643,
35.69767363,139.77464318,
35.74531765,139.6747109,
35.46438713,139.61989716,
35.66515122,139.8747592,
35.40078153,139.53151703,
35.6956481,139.6912725,
35.6954752,139.69051674,
35.51476231,139.70872521,
35.70426907,139.77071643,
35.65820651,139.69679453,
35.69955343,139.77039456,
35.6956481,139.6912725,
35.66494141,139.87499468,
35.66508837,139.87492333,
35.64957581,139.44985494,
35.6966947,139.690696,
35.6426801,139.3196185,
35.67081835,139.74126012,
35.69080269,139.70027923,
35.6691715,139.8022825,
35.69080269,139.70027923,
35.69207688,139.69336847,
35.69080269,139.70027923,
35.66508737,139.87492375,
35.70117,139.770603,
35.654997,139.5719,
35.724002,139.623117,
35.45107355,139.63117524,
35.70553167,139.75182963,
35.72395515,139.62276907,
35.70553167,139.75182963,
35.61969917,139.72855277,
35.73028587,139.70850686,
35.66497022,139.87497853,
35.64790183,139.63610023,
35.61769212,139.72869158,
35.61888229,139.72723575,
35.67100525,139.72792053,
35.70806316,139.75275872,
35.70553167,139.75182963,
35.70553167,139.75182963,
35.65224001,139.76235867,
35.70553167,139.75182963,
35.64606093,139.66971626,
35.46619268,139.62269068,
35.66355,139.8598483,
35.70553167,139.75182963,
35.6985962,139.77301825,
35.70553167,139.75182963,
35.66082057,139.69762937,
35.70553167,139.75182963,
35.70553167,139.75182963,
35.6954752,139.69051674,
35.68814156,139.71302815,
35.69562756,139.70103708,
35.70553167,139.75182963,
35.70553167,139.75182963,
35.689354,139.698007,
35.699583,139.765222,
35.53203415,139.64822531,
35.456816,139.633072,
35.70553167,139.75182963,
35.70452608,139.58308116,
35.68958429,139.69692355,
35.57682096,139.55873501,
35.71358467,139.77644287,
35.6948458,139.6905393,
35.6985962,139.77301825,
35.65852173,139.70132603,
35.68872491,139.76222992,
35.65286876,139.6384171,
35.70220099,139.58051167,
35.70212583,139.58070874,
35.69536031,139.70106483,
35.69983224,139.77033287,
35.6948841,139.6905712,
35.636913,139.565634,
35.69997164,139.77081031,
35.40056399,139.5342046,
35.69666801,139.76005822,
35.6688446,139.75086259,
35.637639,139.563308,
35.73030136,139.71442759,
35.7856146,139.6268826,
35.66937762,139.80651855,
35.61969917,139.72855277,
35.644429,139.667241,
35.69116191,139.97590575,
35.70977174,139.77155371,
35.44307357,139.64410409,
35.67818951,139.75347027,
35.44302441,139.64379966,
35.70283881,139.77176442,
35.6645212,139.8591598,
35.658514,139.70133,
35.72902372,139.71741257,
35.65852314,139.69548741,
35.44199737,139.63065952,
35.49372467,139.50649857,
35.55319973,139.64681447,
35.6980288,139.77175697,
35.68137872,139.76608157,
35.69080269,139.70027923,
35.47467164,139.63172472,
35.67976904,139.71149362,
35.709865,139.6670462,
35.68137872,139.76608157,
35.67700645,139.78657474,
35.7855328,139.6268111,
35.66902367,139.75048061,
35.67145855,139.76150304,
35.71291986,139.79284465,
35.69190326,139.70576406,
35.71285453,139.7928822,
35.44108996,139.63314928,
35.66730938,139.75729758,
35.64808655,139.74665833,
35.65386463,139.74980257,
35.72898833,139.71751552,
35.63452758,139.79161084,
35.70636368,139.70878601,
35.67976904,139.71149362,
35.77806244,139.72083807,
35.70096076,139.77095121,
35.70744898,139.95909333,
35.35151705,139.4739055,
35.61986,139.515143,
35.67700645,139.78657474,
35.67015076,139.77107239,
35.64431502,139.69909072,
35.59514118,139.3461147,
35.54444779,139.64786535,
35.7857402,139.626944,
35.6295353,139.79473829,
35.45031382,139.63028669,
35.69564302,139.75991326,
35.55194584,139.38288982,
35.6906084,139.6910573,
35.69080269,139.70027923,
35.71188321,139.77038383,
35.670162,139.70269,
35.70823116,139.66647697,
35.5519508,139.38286933,
35.69804707,139.76893325,
35.57708668,139.66278434,
35.467905,139.626617,
35.68784916,139.72175002,
35.71983809,139.7727684,
35.65852173,139.70132603,
35.70026875,139.77066374,
35.72889056,139.71361607,
35.689776,139.6916378,
35.70024244,139.77064434,
35.6897932,139.6914781,
35.73438229,139.34061972,
35.46884809,139.54925514,
35.67700645,139.78657474,
35.689783,139.6916128,
35.6715531,139.76141768,
35.70329765,139.57770467,
35.6897771,139.6916175,
35.61591777,139.66018351,
35.45468366,139.63140249,
35.46619268,139.62269068,
35.6983271,139.77162838,
35.71289346,139.79263124,
35.689771,139.6916168,
35.69174602,139.79023578,
35.7037252,139.57934207,
35.45881731,139.63572621,
35.6897747,139.6916153,
35.69173,139.79158,
35.43023574,139.95876074,
35.6897706,139.6916257,
35.71282607,139.79672148,
35.67834593,139.74009633,
35.46430967,139.62326688,
35.66608046,139.75865426,
35.66669205,139.75813274,
35.66717952,139.80453815,
35.618398,139.476067,
35.78805129,139.85442252,
35.45768997,139.63175654,
35.6897714,139.691619,
35.69055321,139.71177339,
35.610989,139.474645,
35.67967933,139.80805278,
35.64603206,139.66990963,
35.693423,139.790328,
35.693505,139.79016,
35.6581882,139.3375205,
35.77806244,139.72083807,
35.71353303,139.76984614,
35.65188911,139.54439566,
35.53767419,139.73311186,
35.70311469,139.57795143,
35.6194848,139.5684753,
35.69944592,139.77053686,
35.7910787,139.9329544,
35.693442,139.790132,
35.6907291,139.75830317,
35.59431456,139.3492341,
35.778226,139.966339,
35.69596587,139.75806713,
35.72848064,139.74767156,
35.6901721,139.6921773,
35.6948894,139.6974765,
35.72843551,139.74755547,
35.55137977,139.78840828,
35.69064116,139.71175786,
35.69979378,139.77252377,
35.6990372,139.77086261,
35.70668233,139.75337058,
35.53132693,139.69690204,
35.693931,139.789844,
35.72842598,139.74769487,
35.46446,139.619698,
35.689504,139.6920601,
35.72732,139.712155,
35.72807974,139.74798018,
35.6985962,139.77301825,
35.66088986,139.69527245,
35.69434054,139.78865177,
35.69829653,139.77312501,
35.7911954,139.9331318,
35.6898602,139.6901152,
35.7282937,139.74780701,
35.6607412,139.69965352,
35.694384,139.787798,
35.70283954,139.58003872,
35.72829932,139.74781095,
35.7136427,139.77725484,
35.728433,139.74773027,
35.6895018,139.6913392,
35.46619268,139.62269068,
35.72864241,139.74751926,
35.72859876,139.74755562,
35.68128395,139.76607084,
35.68137872,139.76608157,
35.67995821,139.76501942,
35.46613995,139.62306769,
35.67214927,139.48025465,
35.69080269,139.70027923,
35.6895412,139.6920283,
35.6747621,139.870203,
35.72849081,139.74771288,
35.74883027,139.73425002,
35.7287039,139.74759419,
35.71010233,139.77456628,
35.6950631,139.70300154,
35.53778769,139.73335862,
35.7284383,139.74769834,
35.586467,139.432503,
35.4752237,139.6334291,
35.72865285,139.74765362,
35.79873287,139.83196756,
35.72841961,139.74773241,
35.66577546,139.52831439,
35.79889931,139.8325475,
35.44731598,139.62818384,
35.6985962,139.77301825,
35.4892454,139.6567949,
35.46495184,139.62072194,
35.71080349,139.6872464,
35.44731598,139.62818384,
35.65773636,139.61925725,
35.69285957,139.69415545,
35.4631845,139.61691588,
35.78448547,139.82169824,
35.67976904,139.71149362,
35.65839508,139.66709771,
35.78554526,139.82415196,
35.67214927,139.48025465,
35.70138527,139.77089345,
35.66080458,139.69968817,
35.70048787,139.77178395,
35.50718069,139.61734627,
35.68220242,139.69880824,
35.69080269,139.70027923,
35.72846002,139.74766737,
35.69979378,139.77252377,
35.69080269,139.70027923,
35.70350119,139.57922623,
35.78027544,139.65147883,
35.64248397,139.7137136,
35.69805387,139.7689406,
35.44560834,139.62674551,
35.71336158,139.79223288,
35.68865298,139.69915501,
35.71349656,139.70625281,
35.582409,139.7240954,
35.52939733,139.69670892,
35.71333313,139.79222107,
35.53073321,139.69759941,
35.6250472,139.7361513,
35.64913964,139.69937503,
35.6985962,139.77301825,
35.7212866,139.6574464,
35.71333313,139.79222107,
35.69785225,139.77192879,
35.692126,139.784821,
35.78432049,139.90066409,
35.5293832,139.6965419,
35.64206014,139.71420417,
35.74894,139.618819,
35.6017922,139.3671057,
35.6906376,139.6954,
35.65188911,139.54439566,
35.70035282,139.77175042,
35.568795,139.411529,
35.45633758,139.63343561,
35.69818745,139.76912848,
35.67512075,139.76324877,
35.658554,139.667151,
35.643561,139.655423,
35.55000441,139.78646234,
35.54994821,139.78641272,
35.70355474,139.57931252,
35.68887959,139.71017227,
35.69915482,139.77523863,
35.4646744,139.61695075,
35.70628494,139.79509255,
35.64239896,139.67041398,
35.70303193,139.54426289,
35.69207688,139.69336847,
35.66950796,139.7671719,
35.67976904,139.71149362,
35.77996428,139.89645839,
35.69080269,139.70027923,
35.456816,139.633072,
35.67090591,139.7678635,
35.67659084,139.62995653,
35.70082331,139.57278013,
35.680665,139.891912,
35.74013112,139.74677398,
35.70355881,139.57930907,
35.69125847,139.69552231,
35.72921282,139.7194041,
35.66038011,139.70737624,
35.66066195,139.69820009,
35.52930565,139.69679475,
35.66174713,139.67007963,
35.67976904,139.71149362,
35.55295969,139.64861155,
35.6985962,139.77301825,
35.66549724,139.75963958,
35.6985962,139.77301825,
35.698072,139.766014,
35.67875703,139.89007905,
35.6689653,139.7525595,
35.65917451,139.6728411,
35.67100525,139.72804392,
35.6696616,139.7202328,
35.6985962,139.77301825,
35.71297431,139.70606714,
35.66350644,139.70343394,
35.65839508,139.66709771,
35.69257324,139.73548723,
35.562318,139.395662,
35.67976904,139.71149362,
35.46613995,139.62306769,
35.73142816,139.7142471,
35.66173921,139.67011852,
35.69057206,139.70703304,
35.67418256,139.73984633,
35.69080269,139.70027923,
35.67976904,139.71149362,
35.6983271,139.77162838,
35.63173282,139.79763508,
35.63251665,139.74151623,
35.67430421,139.76538688,
35.67512075,139.76324877,
35.52474341,139.64560747,
35.556147,139.393298,
35.613476,139.6715567,
35.63446108,139.71397032,
35.67100525,139.72792244,
35.6696616,139.7202328,
35.69997164,139.77081031,
35.65426723,139.64693535,
35.4643773,139.61947203,
35.52288963,139.59106643,
35.6955176,139.70084595,
35.53138368,139.70021725,
35.695561,139.758614,
35.69984749,139.76378024,
35.67227239,139.76580593,
35.69240802,139.72444583,
35.706905,139.6657385,
35.65838734,139.64701008,
35.54949648,139.78386241,
35.56669688,139.66451805,
35.69176786,139.69879031,
35.71207432,139.77604316,
35.599562,139.611183,
35.69786666,139.77881536,
35.72843655,139.74770852,
35.72843655,139.74770852,
35.56574645,139.4416187,
35.62895652,139.77576803,
35.71358467,139.77644287,
35.6985962,139.77301825,
35.6975694,139.7688302,
35.45675051,139.61951964,
35.69280838,139.73534748,
35.46505452,139.61832136,
35.70041817,139.77261543,
35.70490942,139.57835913,
35.690589,139.706983,
35.67967933,139.80805278,
35.63022857,139.79136676,
35.66656664,139.72621322,
35.688873,139.69765,
35.46613995,139.62306769,
35.46579946,139.62281942,
35.48407005,139.58557251,
35.543706,139.380254,
35.66193201,139.70832846,
35.62921196,139.77532388,
35.62921645,139.77530762,
35.48058694,139.57283953,
35.68137872,139.76608157,
35.46619268,139.62269068,
35.66404321,139.88770366,
35.68994486,139.70154762,
35.46585189,139.62198257,
35.62920285,139.77534657,
35.70018717,139.77098511,
35.67180064,139.76523399,
35.78432049,139.90066409,
35.69062112,139.70703949,
35.69062052,139.7070335,
35.72846695,139.74772264,
35.68800892,139.72035959,
35.6985962,139.77301825,
35.62901871,139.77601745,
35.71026742,139.80465126,
35.6954752,139.69051674,
35.68557957,139.69259071,
35.68137872,139.76608157,
35.6840988,139.69974547,
35.65852173,139.70132603,
35.6995664,139.7703412,
35.46653467,139.62122025,
35.65955014,139.69823674,
35.72113202,139.34365243,
35.70042688,139.77175176,
35.62742884,139.88908684,
35.6985962,139.77301825,
35.6762008,139.3864593,
35.66160009,139.89233007,
35.64592362,139.8269248,
35.6987976,139.77472901,
35.54994821,139.78641272,
35.66214296,139.89120126,
35.71358467,139.77644287,
35.69771248,139.77899916,
35.69745363,139.77883816,
35.72572195,139.76497279,
35.6461834,139.71140093,
35.511985,139.348934,
35.72824335,139.74768053,
35.66240447,139.89308953,
35.72824335,139.74768053,
35.56284426,139.71503431,
35.62866039,139.77842577,
35.668604,139.706225,
35.63452758,139.79161084,
35.62620772,139.88487644,
35.668724,139.40294997,
35.62620772,139.88487644,
35.69645383,139.82560637,
35.70152903,139.77115631,
35.6696616,139.7202328,
35.69643202,139.81394291,
35.66169357,139.89289856,
35.66608046,139.75865426,
35.700856,139.81589,
35.72844412,139.74768757,
35.46464819,139.61695075,
35.62668921,139.77335789,
35.66623826,139.7154937,
35.72852293,139.74747877,
35.64913964,139.69937503,
35.72843429,139.74776208,
35.72836564,139.7478159,
35.45107355,139.63117524,
35.72838734,139.7477991,
35.66848204,139.70539927,
35.64913964,139.69937503,
35.66160009,139.89233007,
35.666657,139.804453,
35.66627884,139.71550103,
35.71358467,139.77644287,
35.69745363,139.77883816,
35.68978678,139.77092625,
35.714391,139.760288,
35.67225747,139.76362813,
35.62994555,139.77929447,
35.660827,139.894104,
35.63169793,139.64515686,
35.62992335,139.77934666,
35.69805994,139.76894074,
35.6975908,139.77883886,
35.6601555,139.89464521,
35.6988971,139.7710162,
35.66205753,139.69931167,
35.65047461,139.70171928,
35.6996166,139.77139235,
35.72847439,139.7476506,
35.72847439,139.7476506,
35.6964438,139.93040984,
35.6295353,139.79473829,
35.72847439,139.7476506,
35.6961641,139.77509111,
35.62598355,139.7714391,
35.65954174,139.69914073,
35.73111661,139.70690499,
35.6987976,139.77472901,
35.6985962,139.77301825,
35.63226038,139.78955626,
35.70023121,139.77155559,
35.70549749,139.77280587,
35.65918193,139.89715754,
35.484316,139.310479,
35.7783932,139.77354884,
35.777915,139.770357,
35.70243637,139.77047024,
35.71180045,139.77670312,
35.72962228,139.7106125,
35.65509531,139.69929075,
35.72932617,139.71088205,
35.7293594,139.71051022,
35.71207432,139.77604316,
35.6696616,139.7202328,
35.6985962,139.77301825,
35.71358467,139.77644287,
35.70558461,139.75190878,
35.72967307,139.71061208,
35.72967307,139.71058517,
35.62820391,139.88211326,
35.7090447,139.665965,
35.69080269,139.70027923,
35.72962189,139.71067775,
35.7056456,139.77414966,
35.68644619,139.70057666,
35.73252482,139.72505844,
35.71358467,139.77644287,
35.73188789,139.72694906,
35.6696616,139.7202328,
35.66698938,139.74918365,
35.4646744,139.61695075,
35.69064156,139.77027088,
35.6982269,139.77596283,
35.6987383,139.9168017,
35.70199,139.772243,
35.64573181,139.74756897,
35.674236,139.767025,
35.66003782,139.72359002,
35.70048787,139.77178395,
35.689832,139.77069586,
35.58927788,139.72754504,
35.6964434,139.82906601,
35.55598414,139.4192639,
35.6985962,139.77301825,
35.62520987,139.77561951,
35.54294282,139.5171243,
35.73046545,139.71132052,
35.6458408,139.74478483,
35.7083242,139.6660974,
35.74178292,139.79517824,
35.69207688,139.69336847,
35.64935889,139.69905552,
35.70582855,139.66579914,
35.75496692,139.76823807,
35.71202259,139.79840755,
35.75509752,139.7685653,
35.53024,139.70157,
35.69010824,139.7057882,
35.68953723,139.72186276,
35.53618728,139.50485319,
35.65707069,139.53021482,
35.73003573,139.7151196,
35.71290244,139.70389724,
35.67976904,139.71149362,
35.65356592,139.31513694,
35.63105632,139.69969134,
35.62806155,139.77129864,
35.65669561,139.69577659,
35.6953436,139.4089536,
35.62806155,139.77129864,
35.62813545,139.77118524,
35.77209986,139.5198977,
35.69282036,139.70328569,
35.70169511,139.81998861,
35.58892523,139.72721922,
35.73102023,139.73317106,
35.73138375,139.72929438,
35.64412321,139.65553433,
35.742952,139.50958,
35.71263124,139.77643064,
35.68147677,139.76779742,
35.69246747,139.70337689,
35.66558604,139.7390449,
35.70230879,139.7450316,
35.46359302,139.61796731,
35.66913013,139.75071119,
35.7068335,139.6667866,
35.69829653,139.77312501,
35.73046545,139.71132052,
35.45269104,139.39089417,
35.66160143,139.75041782,
35.7063554,139.6660776,
35.75460559,139.77093101,
35.70716936,139.75127652,
35.70033975,139.77115899,
35.600075,139.610796,
35.699853,139.763787,
35.6985962,139.77301825,
35.69873661,139.77228016,
35.658514,139.70133,
35.7061138,139.665988,
35.68265013,139.72903862,
35.45872555,139.63038057,
35.56368455,139.72478645,
35.56247782,139.71605033,
35.62753,139.778896,
35.70559346,139.75188422,
35.45490544,139.63122012,
35.6987976,139.77472901,
35.65359707,139.31489427,
35.45487416,139.63113134,
35.74233249,139.79707718,
35.57631442,139.65995193,
35.55893979,139.7170657,
35.62713072,139.77258904,
35.6985962,139.77301825,
35.69091856,139.70025905,
35.67512075,139.76324877,
35.46335628,139.61586664,
35.66139,139.7298,
35.63213853,139.79027412,
35.65905714,139.70361829,
35.70052424,139.770452,
35.68599714,139.7306658,
35.489699,139.627881,
35.5960336,139.68535452,
35.67940328,139.8081558,
35.65821102,139.69689343,
35.74246275,139.78128594,
35.53301201,139.69655871,
35.70065653,139.77178925,
35.51058788,139.63131666,
35.71110571,139.79636908,
35.71358467,139.77644287,
35.71110571,139.79636908,
35.6897183,139.69925165,
35.69080269,139.70027923,
35.6934027,139.7034987,
35.66158508,139.66747284,
35.69080269,139.70027923,
35.796196,139.5193687,
35.6933865,139.7035275,
35.6985962,139.77301825,
35.72989513,139.71087587,
35.53405099,139.63388085,
35.7299056,139.71089427,
35.6596499,139.7308588,
35.66854087,139.46872652,
35.70061183,139.74295417,
35.66610603,139.71070526,
35.67171406,139.76033378,
35.625961,139.782298,
35.6981562,139.7608615,
35.72842478,139.74769833,
35.6934022,139.7034933,
35.72831854,139.74775454,
35.73121763,139.73415175,
35.625961,139.782298,
35.57611925,139.65995407,
35.57631442,139.65995193,
35.73438959,139.74183105,
35.6933439,139.7035135,
35.57611925,139.65995407,
35.5632468,139.71846162,
35.73712239,139.74852783,
35.703568,139.75188,
35.6455624,139.710973,
35.6990372,139.77086261,
35.62656459,139.7733504,
35.606956,139.734957,
35.73962394,139.75390912,
35.58695968,139.66747284,
35.73753045,139.76172618,
35.66199298,139.69706799,
35.66155021,139.69875008,
35.6983271,139.77162838,
35.6187907,139.7280623,
35.70199,139.772243,
35.62660549,139.77336504,
35.64430645,139.69898769,
35.53174463,139.49527278,
35.54735858,139.78454458,
35.6875494,139.7310587,
35.77806244,139.72083807,
35.72793345,139.77086136,
35.7022588,139.77209189,
35.69080269,139.70027923,
35.69887963,139.7727691,
35.6833847,139.7243775,
35.72673252,139.77232826,
35.699583,139.765222,
35.72476293,139.77459775,
35.463929,139.618002,
35.6176099,139.729441,
35.68960502,139.69166636,
35.72205563,139.77767905,
35.70218744,139.77212126,
35.70218744,139.77212126,
35.66656664,139.72621322,
35.48255787,139.38651077,
35.60743038,139.68562067,
35.7213979,139.77833867,
35.68903321,139.69706772,
35.71324503,139.77590682,
35.68158976,139.76444745,
35.6815,139.6277,
35.6985962,139.77301825,
35.6176099,139.729441,
35.75285987,139.80379343,
35.69904474,139.77181999,
35.69885615,139.77162553,
35.6863692,139.7065433,
35.68763596,139.73790714,
35.70742824,139.77449058,
35.68994486,139.70154762,
35.68008021,139.72023726,
35.52818367,139.69802856,
35.7074605,139.77465817,
35.66582139,139.80386853,
35.68885741,139.73886012,
35.67381994,139.66732168,
35.44678538,139.59962783,
35.70498,139.65004,
35.66325435,139.74085271,
35.58892523,139.72721922,
35.68866459,139.70037315,
35.706273,139.719615,
35.69003696,139.70005372,
35.7283071,139.74784389,
35.7283071,139.74784389,
35.72840692,139.74784515,
35.72841455,139.74784118,
35.694357,139.695418,
35.70446195,139.57919311,
35.64431502,139.69909072,
35.6359735,139.7958444,
35.69191851,139.70568627,
35.69715647,139.75626723,
35.69148909,139.70004706,
35.6728333,139.763273,
35.67424647,139.76798661,
35.69844215,139.77326474,
35.73046545,139.71132052,
35.68666623,139.77453072,
35.69820647,139.77314076,
35.44627588,139.63955909,
35.7912247,139.9331331,
35.69746572,139.78427429,
35.68866392,139.71122772,
35.69966564,139.70008112,
35.7903676,139.9322445,
35.72862913,139.74776088,
35.70609862,139.77140307,
35.66648987,139.71268082,
35.71350269,139.70378852,
35.7318861,139.7973693,
35.63312803,139.71558094,
35.63367739,139.71551657,
35.7894603,139.9300112,
35.63428342,139.71567214,
35.731834,139.7973388,
35.6985962,139.77301825,
35.35342611,139.53110933,
35.70251665,139.77052994,
35.73214124,139.76686774,
35.35340861,139.53110933,
35.70476677,139.57838796,
35.6987976,139.77472901,
35.35472116,139.53157067,
35.709914,139.809866,
35.6329073,139.7914606,
35.67121311,139.75606231,
35.69683662,139.81424603,
35.69849482,139.77251351,
35.7285217,139.74774097,
35.7285217,139.74774097,
35.6318727,139.7901337,
35.69873483,139.77129903,
35.69123013,139.74296629,
35.53189445,139.69542146,
35.35553324,139.5353711,
35.69802433,139.7714889,
35.70701992,139.58025473,
35.6317891,139.790063,
35.70112498,139.7705555,
35.65546587,139.31379808,
35.51222973,139.62001383,
35.69805346,139.76895523,
35.70479444,139.57847625,
35.70487592,139.65011347,
35.68785858,139.7734375,
35.69397925,139.74264979,
35.6985962,139.77301825,
35.65852173,139.70132603,
35.70297757,139.77167121,
35.6318936,139.7900951,
35.7296355,139.7095122,
35.68989257,139.69162345,
35.66659964,139.70440152,
35.7068505,139.58021486,
35.69899364,139.7729373,
35.466201,139.622688,
35.70426103,139.57986354,
35.6318594,139.7901092,
35.702166,139.771732,
35.6319546,139.7900919,
35.72976999,139.71470095,
35.68666623,139.77453072,
35.646176,139.827434,
35.69804707,139.76893325,
35.67253277,139.73536491,
35.69034569,139.69978809,
35.69080269,139.70027923,
35.62668921,139.77335789,
35.70620045,139.58008287,
35.77580121,139.51901915,
35.6378468,139.6217111,
35.69829225,139.77222919,
35.70481523,139.57860942,
35.68137872,139.76608157,
35.69268748,139.7036612,
35.70494296,139.57856113,
35.68994486,139.70154762,
35.708982,139.721568,
35.6974515,139.6954936,
35.62352631,139.38764208,
35.66669205,139.75813274,
35.7887894,139.474544,
35.62871558,139.7870028,
35.7839397,139.4877253,
35.46619268,139.62269068,
35.69804605,139.77581669,
35.69207688,139.69336847,
35.7919747,139.9211689,
35.46585189,139.62198257,
35.7839397,139.4877253,
35.66836141,139.65040274,
35.697922,139.707631,
35.74833507,139.80401867,
35.71035,139.812242,
35.69252396,139.92758208,
35.651603,139.4860697,
35.68137872,139.76608157,
35.69029337,139.70580336,
35.69979378,139.77252377,
35.69898057,139.44637299,
35.70706059,139.58028696,
35.66065237,139.69516397,
35.43923959,139.6427536,
35.65188911,139.54439566,
35.66350644,139.70343394,
35.70549749,139.77280587,
35.6985962,139.77301825,
35.46365201,139.61720556,
35.635827,139.884024,
35.6985962,139.77301825,
35.69887963,139.7727691,
35.6978304,139.6965057,
35.67252,139.735274,
35.4647312,139.62298036,
35.72465988,139.76090407,
35.68620454,139.78229384,
35.51222973,139.62001383,
35.6985962,139.77301825,
35.6978304,139.6965057,
35.69536031,139.70106483,
35.635695,139.884033,
35.7004108,139.7717577,
35.68186031,139.76362813,
35.51238889,139.62005556,
35.7004829,139.77183097,
35.7004829,139.77183097,
35.70254865,139.73690175,
35.4317044,139.40030336,
35.7469236,139.6074385,
35.67253277,139.73536491,
35.69804382,139.70603943,
35.68395351,139.70354569,
35.689257,139.697611,
35.62797367,139.73795703,
35.46619268,139.62269068,
35.634752,139.885713,
35.70277159,139.77052063,
35.73298927,139.76854149,
35.45450013,139.63147759,
35.70708626,139.93204698,
35.63014573,139.74042892,
35.70449105,139.57917517,
35.70601745,139.66587569,
35.63863889,139.78925586,
35.7008841,139.74354045,
35.68042009,139.9918813,
35.69769977,139.77038383,
35.71034094,139.98137848,
35.70774534,139.6651284,
35.67940328,139.8081558,
35.66099015,139.69756186,
35.70181654,139.771218,
35.65419716,139.70539391,
35.72743287,139.70711883,
35.64573181,139.74756897,
35.65878686,139.70264934,
35.7246082,139.6706118,
35.67275554,139.73783555,
35.69167017,139.77087736,
35.5289713,139.6115136,
35.68564494,139.78819248,
35.701246,139.772086,
35.6883415,139.69692349,
35.6985962,139.77301825,
35.73005423,139.70722184,
35.77806244,139.72083807,
35.66033199,139.70420555,
35.69938571,139.77157474,
35.70230879,139.7450316,
35.69556071,139.77587163,
35.612293,139.62618508,
35.69997164,139.77081031,
35.6883415,139.69692349,
35.70027877,139.77403164,
35.3672044,139.6314494,
35.70254865,139.73690175,
35.59961366,139.60978828,
35.40056399,139.5342046,
35.6635408,139.7392749,
35.69080269,139.70027923,
35.70342888,139.59980206,
35.6985962,139.77301825,
35.6747076,139.3876645,
35.68242057,139.806503,
35.62906634,139.77625556,
35.64203503,139.80347157,
35.3754898,139.6232388,
35.582449,139.556839,
35.6405723,139.7135508,
35.6657656,139.7085655,
35.6747076,139.3876645,
35.69980828,139.7718215,
35.6747076,139.3876645,
35.5232552,139.6122016,
35.7212866,139.6574464,
35.6747076,139.3876645,
35.69989268,139.78036813,
35.69596587,139.75806713,
35.6985962,139.77301825,
35.64345838,139.69899493,
35.6820246,139.8076385,
35.70236472,139.77052688,
35.69080269,139.70027923,
35.46619268,139.62269068,
35.57742264,139.55844104,
35.62949858,139.77681125,
35.70301702,139.70830149,
35.62901228,139.77728012,
35.682916,139.706345,
35.69080269,139.70027923,
35.56247782,139.71605033,
35.6425997,139.69961,
35.6985962,139.77301825,
35.663463,139.7393425,
35.6038213,139.6686422,
35.7913372,139.9327078,
35.67424393,139.73760778,
35.68600612,139.73066568,
35.6985962,139.77301825,
35.6985962,139.77301825,
35.64755835,139.74683404,
35.70254865,139.73690175,
35.72777124,139.77096319,
35.66104027,139.69954669,
35.40441621,139.51955438,
35.66549724,139.75963958,
35.70348196,139.59977901,
35.70582855,139.66579914,
35.4428343,139.64651942,
35.63386051,139.87872362,
35.659175,139.697433,
35.63880892,139.52421069,
35.69080269,139.70027923,
35.54361577,139.44715403,
35.62500929,139.42456126,
35.7913372,139.9327078,
35.72864728,139.71248657,
35.57411789,139.66124962,
35.69167017,139.77087736,
35.70694061,139.93263265,
35.69416394,139.70298506,
35.66836141,139.65040274,
35.43392537,139.60092925,
35.70048787,139.77178395,
35.6985962,139.77301825,
35.73226313,139.7183463,
35.72320724,139.92676735,
35.4621959,139.612298,
35.6304467,139.7873222,
35.66791629,139.6857004,
35.4620606,139.6118781,
35.45107355,139.63117524,
35.69053086,139.76933509,
35.69358279,139.7007376,
35.65852173,139.70132603,
35.6985962,139.77301825,
35.66350644,139.70343394,
35.4625579,139.6134913,
35.6298957,139.7866143,
35.44140736,139.36668992,
35.601826,139.366987,
35.42862222,139.59421977,
35.68762477,139.72337276,
35.63519465,139.7675246,
35.65852173,139.70132603,
35.69979378,139.77252377,
35.49930021,139.68352011,
35.7912658,139.9327141,
35.69080269,139.70027923,
35.72388663,139.92805481,
35.70041817,139.77261543,
35.62970971,139.778409,
35.45468366,139.63140249,
35.396226,139.466404,
35.43934309,139.36423302,
35.69080269,139.70027923,
35.66669205,139.75813274,
35.69257638,139.69870448,
35.66779765,139.68665296,
35.4954955,139.40175448,
35.6747076,139.3876645,
35.3941929,139.6105686,
35.6304458,139.7910062,
35.56190202,139.71341739,
35.6657367,139.7085174,
35.66188146,139.70105678,
35.69433488,139.69648459,
35.698167,139.77036908,
35.6747113,139.3871978,
35.62728014,139.77250844,
35.64469696,139.69919588,
35.65940007,139.69555131,
35.630247,139.643798,
35.73129858,139.71555948,
35.72916389,139.74656557,
35.68173462,139.77569513,
35.46557882,139.62530851,
35.72847439,139.74765417,
35.4954955,139.40175448,
35.46510476,139.62330759,
35.73033402,139.7177428,
35.6747107,139.3872754,
35.72857099,139.74775988,
35.65852173,139.70132603,
35.72864803,139.74758866,
35.62748954,139.77218122,
35.69887963,139.7727691,
35.66758824,139.88986328,
35.67834593,139.74009633,
35.7110308,139.7114178,
35.65906803,139.70057398,
35.67398699,139.76671347,
35.6747107,139.3872754,
35.70059285,139.77048195,
35.70067084,139.77285147,
35.683698,139.917993,
35.66722464,139.7534961,
35.71014091,139.81340647,
35.64200931,139.80359981,
35.6311875,139.7903908,
35.67035381,139.79596138,
35.72879,139.333402,
35.72866128,139.74772345,
35.4592193,139.62327003,
35.69647995,139.81501579,
35.70050965,139.77119386,
35.689041,139.722606,
35.6746702,139.3872793,
35.6657294,139.7085208,
35.64338656,139.7862346,
35.62369817,139.75079606,
35.6985805,139.7731077,
35.6657469,139.7085524,
35.73046545,139.71132052,
35.6657441,139.7085486,
35.698624,139.773109,
35.50736529,139.61755188,
35.6312619,139.7903234,
35.40477612,139.50696574,
35.65375256,139.79543567,
35.6711146,139.76737967,
35.6312829,139.7903532,
35.72352952,139.79489923,
35.66761259,139.63183701,
35.70721379,139.66511572,
35.72839133,139.74771697,
35.6997801,139.77137191,
35.69601175,139.43700078,
35.70684198,139.66498361,
35.67313616,139.76383777,
35.63863889,139.78925586,
35.69431305,139.70111084,
35.7042168,139.75199461,
35.69776076,139.77146745,
35.69666292,139.81461883,
35.6985805,139.7731077,
35.66722464,139.7534961,
35.65772252,139.69873204,
35.69832253,139.77245887,
35.70401571,139.64856219,
35.65823184,139.75389611,
35.70042688,139.77175176,
35.7188129,139.65270612,
35.69874,139.772997,
35.6308887,139.7906383,
35.5831921,139.7364113,
35.71315929,139.70269737,
35.70104548,139.77180004,
35.7048419,139.76622105,
35.683324,139.345211,
35.6121929,139.57117081,
35.72848768,139.74769989,
35.64561139,139.81054187,
35.72847942,139.74767597,
35.6641554,139.7393524,
35.72844925,139.74764171,
35.7912656,139.9327153,
35.47804,139.633466,
35.69267918,139.70370164,
35.59475513,139.34853137,
35.72847044,139.74768789,
35.66726703,139.75342193,
35.6817689,139.8056317,
35.66726703,139.75342193,
35.72846952,139.74766216,
35.69080269,139.70027923,
35.6325655,139.7926154,
35.71202259,139.79840755,
35.68674682,139.77422476,
35.6325468,139.7926287,
35.66726703,139.75342193,
35.72839754,139.74771643,
35.7912661,139.9327141,
35.74276998,139.78148566,
35.73792608,139.76102829,
35.65561814,139.75674212,
35.66726703,139.75342193,
35.72842582,139.74769776,
35.63462786,139.79324698,
35.66726703,139.75342193,
35.65561814,139.75674212,
35.63452758,139.79161084,
35.69080269,139.70027923,
35.5313696,139.6979987,
35.658001,139.536612,
35.630728,139.7676707,
35.66151,139.72957,
35.69034569,139.69978809,
35.63022654,139.79457774,
35.62966601,139.79327634,
35.62968897,139.79302364,
35.67867275,139.74021703,
35.69051779,139.70434517,
35.689975,139.698249,
35.6170408,139.742403,
35.66179919,139.58396226,
35.66051078,139.69711282,
35.63853861,139.790597,
35.73022733,139.71116066,
35.67264171,139.73953307,
35.66127095,139.66890891,
35.69329,139.791293,
35.6985962,139.77301825,
35.69601175,139.43700078,
35.73032153,139.71312494,
35.69080269,139.70027923,
35.76793,139.95372,
35.69416394,139.70298506,
35.70599246,139.66526052,
35.760445,139.533739,
35.66669205,139.75813274,
35.70179869,139.42848327,
35.573764,139.660307,
35.69207672,139.82599058,
35.708426,139.49609508,
35.70604247,139.6749456,
35.66726703,139.75342193,
35.70612658,139.67675658,
35.70300579,139.77166057,
35.70635055,139.68749493,
35.63389444,139.7915204,
35.56119748,139.71945338,
35.57631442,139.65995193,
35.70706059,139.76848221,
35.69757644,139.69942356,
35.69793284,139.77605134,
35.70207048,139.4281142,
35.68960502,139.69166636,
35.69033209,139.70041841,
35.69033209,139.70041841,
35.76028051,139.5339049,
35.72863831,139.74776656,
35.72848685,139.74767684,
35.627921,139.571535,
35.72848685,139.74767684,
35.70205911,139.42814444,
35.69055976,139.70074083,
35.71065362,139.7751725,
35.692489,139.703379,
35.73027997,139.71617227,
35.57314674,139.65702295,
35.69601248,139.43699971,
35.69149177,139.70101822,
35.44381981,139.63799,
35.73964647,139.85035667,
35.66070434,139.7063242,
35.45306248,139.63537753,
35.70582855,139.66579914,
35.45314371,139.638117,
35.497865,139.633328,
35.57591519,139.65518564,
35.69929769,139.76508069,
35.65434233,139.84228905,
35.69129549,139.7354722,
35.65736499,139.78390069,
35.75243323,139.73813295,
35.70734444,139.75144744,
35.66726703,139.75342193,
35.61591777,139.66018351,
35.66865518,139.76172981,
35.70236856,139.77203952,
35.6974311,139.7716429,
35.6141635,139.37879126,
35.44472554,139.63702253,
35.66726703,139.75342193,
35.622499,139.548732,
35.46619268,139.62269068,
35.72941215,139.71650644,
35.70205613,139.75291729,
35.6997078,139.7703897,
35.64868302,139.79005516,
35.70750541,139.66599856,
35.56368455,139.72478645,
35.70200305,139.42780903,
35.6983271,139.77162838,
35.70199609,139.4278197,
35.69246747,139.70337689,
35.72374,139.7953,
35.6997433,139.7703508,
35.6884831,139.69925433,
35.66562178,139.70461968,
35.70230879,139.7450316,
35.72614316,139.71260842,
35.69080269,139.70027923,
35.64623384,139.69751608,
35.56178775,139.71147309,
35.70011904,139.7754094,
35.70660869,139.42375715,
35.70207356,139.77142453,
35.5622227,139.7172205,
35.65911816,139.70184803,
35.69080269,139.70027923,
35.405825,139.504288,
35.6997904,139.7704546,
35.70585026,139.66650079,
35.70604947,139.42445604,
35.70445053,139.42645433,
35.61591777,139.66018351,
35.69689351,139.43589879,
35.63863889,139.78925586,
35.692424,139.703116,
35.70644223,139.68540383,
35.70103677,139.74180696,
35.5615117,139.7184589,
35.70186126,139.42773646,
35.70346544,139.58016526,
35.70186126,139.42773646,
35.5615117,139.7184589,
35.6602917,139.66822252,
35.5615117,139.7184589,
35.611067,139.519753,
35.63452758,139.79161084,
35.44288456,139.64452386,
35.5621618,139.7167119,
35.6985962,139.77301825,
35.75972352,139.53175938,
35.6987976,139.77472901,
35.70195681,139.42775965,
35.6985962,139.77301825,
35.65825627,139.69543257,
35.5625353,139.7185909,
35.70183889,139.42838447,
35.5626605,139.7121781,
35.66324781,139.73228842,
35.69086768,139.70485195,
35.63191,139.791319,
35.64511303,139.7874407,
35.71358467,139.77644287,
35.63873333,139.78922778,
35.70712406,139.83227556,
35.67148252,139.48076427,
35.62301091,139.74097949,
35.63022654,139.79457774,
35.72380402,139.795488,
35.7128274,139.6383032,
35.587237,139.497998,
35.72375473,139.79540877,
35.72375198,139.79548892,
35.64982511,139.75555658,
35.62732943,139.88086277,
35.63873333,139.78922778,
35.63022857,139.79136676,
35.660296,139.7246293,
35.62707659,139.88125764,
35.63863889,139.78925586,
35.63805368,139.7892121,
35.5628587,139.7183959,
35.71428036,139.77856479,
35.7044654,139.77131903,
35.65797184,139.57503319,
35.67232861,139.76087126,
35.69171374,139.69863474,
35.62639386,139.78291743,
35.54655689,139.64504957,
35.75998995,139.53113781,
35.70148068,139.98538683,
35.54088692,139.70778644,
35.64676762,139.73478062,
35.7318831,139.7973692,
35.43934309,139.36423302,
35.66796785,139.89018349,
35.6502414,139.55860198,
35.555476,139.534484,
35.668497,139.705367,
35.66726703,139.75342193,
35.65946684,139.66708124,
35.61149947,139.62661743,
35.66833279,139.69045969,
35.73046545,139.71132052,
35.7385419,139.5951179,
35.70148068,139.98538683,
35.69080269,139.70027923,
35.66779553,139.89051677,
35.64592362,139.8269248,
35.70723989,139.66667622,
35.65929429,139.69723171,
35.73324073,139.79914784,
35.65730899,139.70211894,
35.69221,139.700196,
35.6768211,139.6867269,
35.66726703,139.75342193,
35.66726703,139.75342193,
35.72374,139.7953,
35.66811117,139.89082037,
35.655778,139.542098,
35.7048419,139.76622105,
35.67162633,139.48096275,
35.6768211,139.6867269,
35.69080269,139.70027923,
35.634079,139.791346,
35.68010303,139.76852007,
35.66768279,139.89018419,
35.512778,139.469889,
35.6370229,139.5993291,
35.71239718,139.77862895,
35.6888941,139.69887326,
35.69887963,139.7727691,
35.53061971,139.69820023,
35.7912661,139.9327141,
35.6808836,139.6859806,
35.66758839,139.88986378,
35.78261599,139.75106068,
35.53061951,139.69829949,
35.66047755,139.69940373,
35.70230879,139.7450316,
35.6948909,139.6974762,
35.70403659,139.58078093,
35.66776744,139.89048553,
35.7912661,139.9327141,
35.6937048,139.6985766,
35.6937048,139.6985766,
35.65613218,139.70196802,
35.70103677,139.74180696,
35.70384108,139.59936015,
35.6943447,139.7022925,
35.556454,139.409191,
35.6895059,139.69737813,
35.6985962,139.77301825,
35.66493425,139.87513784,
35.70062942,139.77185984,
35.70148068,139.98538683,
35.70811979,139.74895298,
35.66503447,139.875043,
35.72369242,139.79527253,
35.66520222,139.87477265,
35.65707069,139.53021482,
35.66489888,139.87497448,
35.74246275,139.78128594,
35.72810221,139.77127433,
35.72794192,139.77108101,
35.63853861,139.790597,
35.7912658,139.9327136,
35.66045579,139.69938672,
35.63240364,139.88217614,
35.672868,139.763171,
35.67198367,139.76395726,
35.70381485,139.7536009,
35.63452758,139.79161084,
35.464586,139.620145,
35.65945128,139.70042024,
35.69080269,139.70027923,
35.688823,139.700092,
35.72883296,139.70827189,
35.71249693,139.70428807,
35.63452758,139.79161084,
35.6366564,139.5883628,
35.45088192,139.63116646,
35.6987976,139.77472901,
35.708832,139.804021,
35.72138707,139.52173878,
35.720577,139.662877,
35.73966973,139.61948536,
35.70537552,139.64986146,
35.69423149,139.70397039,
35.6728735,139.6879186,
35.69436046,139.7046268,
35.6967956,139.8207837,
35.77744582,139.72142443,
35.40482804,139.50708998,
35.685597,139.803535,
35.71678759,139.85826373,
35.69080269,139.70027923,
35.63863889,139.78925586,
35.51222973,139.62001383,
35.6367158,139.588362,
35.6856316,139.684576,
35.51238889,139.62005556,
35.77804938,139.7208488,
35.66726703,139.75342193,
35.69080269,139.70027923,
35.6482783,139.7916252,
35.72370874,139.79543877,
35.78729788,139.47273139,
35.65375256,139.79543567,
35.66306203,139.86199082,
35.70582855,139.66579914,
35.66943839,139.8090079,
35.681529,139.686753,
35.7912661,139.9327141,
35.66301419,139.86206579,
35.4869185,139.4408045,
35.70286292,139.58234633,
35.69416394,139.70298506,
35.69340176,139.78113849,
35.66319517,139.86214824,
35.63995551,139.78889108,
35.6761351,139.872255,
35.68876631,139.69812512,
35.66502101,139.76038644,
35.7248438,139.7118443,
35.68192418,139.76347776,
35.7248438,139.7118443,
35.56247782,139.71605033,
35.66772155,139.63243246,
35.6078916,139.66925249,
35.66817135,139.68734959,
35.68137872,139.76608157,
35.68192418,139.76347776,
35.49013744,139.55056285,
35.64389307,139.6992618,
35.636754,139.5883084,
35.6459867,139.790596,
35.66669205,139.75813274,
35.7034218,139.59983155,
35.68082619,139.76662755,
35.6937048,139.6985766,
35.66826116,139.63698452,
35.74977976,139.80546723,
35.54495503,139.76987958,
35.69601175,139.43700078,
35.6937048,139.6985766,
35.68541729,139.76615374,
35.70813504,139.80852082,
35.73327584,139.71554384,
35.6761351,139.872255,
35.67015524,139.68204953,
35.69080269,139.70027923,
35.66246984,139.7000885,
35.74931171,139.80505407,
35.63014573,139.74042892,
35.68192418,139.76347776,
35.72895274,139.7083325,
35.63863889,139.78925586,
35.69601175,139.43700078,
35.42815151,139.59670007,
35.394613,139.466953,
35.68041567,139.76279715,
35.63863889,139.78925586,
35.63863889,139.78925586,
35.69556071,139.77587163,
35.7912659,139.9327128,
35.501647,139.673836,
35.68192418,139.76347776,
35.53676622,139.702878,
35.64497567,139.70998523,
35.6985962,139.77301825,
35.54270275,139.44414139,
35.52820327,139.69726549,
35.74236297,139.648633,
35.63339465,139.53336759,
35.66304049,139.86195872,
35.63339465,139.53336759,
35.67754545,139.7627591,
35.7378839,139.6517333,
35.7093114,139.6585329,
35.57907349,139.73499477,
35.70320182,139.57990408,
35.6388135,139.7896835,
35.54393802,139.44318116,
35.65745316,139.58760738,
35.6388436,139.7896059,
35.60901128,139.72970512,
35.71306679,139.7767141,
35.73327584,139.71554384,
35.7378839,139.6517333,
35.70975928,139.98127362,
35.67642619,139.76189405,
35.56068371,139.72373016,
35.70973532,139.72443808,
35.67425045,139.76187255,
35.5495972,139.6030847,
35.638999,139.78928,
35.70672016,139.75980232,
35.46619268,139.62269068,
35.66279627,139.6602499,
35.70858054,139.67525223,
35.67655636,139.76405518,
35.63014573,139.74042892,
35.46589558,139.62193966,
35.6710065,139.73300063,
35.67785638,139.76498368,
35.6809665,139.7680127,
35.46167491,139.51310635,
35.50624841,139.60441412,
35.70857208,139.67525416,
35.7912659,139.9327128,
35.7912659,139.9327128,
35.68477184,139.77011191,
35.6897183,139.69925165,
35.63863889,139.78925586,
35.684448,139.7673358,
35.70670284,139.77458064,
35.68549293,139.76505832,
35.46619268,139.62269068,
35.67336744,139.7353004,
35.65401234,139.70529481,
35.63853861,139.790597,
35.68137872,139.76608157,
35.6652512,139.71243243,
35.68137872,139.76608157,
35.68563404,139.7637252,
35.489699,139.627881,
35.52772084,139.69730003,
35.61420058,139.39757932,
35.46744223,139.61872637,
35.67214927,139.48025465,
35.7856614,139.6269112,
35.68479395,139.76448791,
35.697922,139.707631,
35.7856269,139.626852,
35.7241131,139.72455025,
35.47649652,139.60539311,
35.68328087,139.76645825,
35.65188911,139.54439566,
35.7855889,139.6268954,
35.651315,139.636436,
35.697977,139.77401147,
35.7856999,139.6269085,
35.470412,139.482574,
35.68328087,139.76645825,
35.69080269,139.70027923,
35.69080269,139.70027923,
35.56260438,139.69991684,
35.69498557,139.69744785,
35.68192418,139.76347776,
35.69494356,139.69698977,
35.40056399,139.5342046,
35.7856918,139.6268438,
35.527798,139.697224,
35.68147677,139.76779742,
35.6390736,139.7892971,
35.62859349,139.77523327,
35.69495279,139.69718256,
35.73327584,139.71554384,
35.4674597,139.62070584,
35.6390147,139.789265,
35.70096076,139.77095121,
35.46619268,139.62269068,
35.72952,139.710578,
35.52772084,139.69730003,
35.7855722,139.62696,
35.54481656,139.76834745,
35.69131274,139.3965798,
35.699583,139.765222,
35.66558604,139.7390449,
35.643424,139.307815,
35.63863889,139.78925586,
35.62668921,139.77335789,
35.77741726,139.74767966,
35.725732,139.719546,
35.66758824,139.88986328,
35.69115389,139.92886215,
35.63805368,139.7892121,
35.7092327,139.6641909,
35.6389476,139.7892346,
35.61591777,139.66018351,
35.7856136,139.6269529,
35.694755,139.701448,
35.712946,139.70402598,
35.69080269,139.70027923,
35.69080269,139.70027923,
35.785658,139.6269281,
35.46357664,139.53231029,
35.69080269,139.70027923,
35.66836141,139.65040274,
35.63616208,139.50062948,
35.6985962,139.77301825,
35.69076286,139.38054726,
35.72739237,139.71871376,
35.6710065,139.73300075,
35.67602892,139.67386239,
35.7856873,139.626975,
35.50856499,139.67601702,
35.67650246,139.62993639,
35.6448448,139.7883166,
35.764068,139.930183,
35.6388473,139.7154257,
35.67656082,139.62996066,
35.7115794,139.6791668,
35.6263678,139.725425,
35.6759966,139.67390023,
35.68620454,139.78229384,
35.46138653,139.51329947,
35.65594013,139.88111858,
35.50419262,139.67740774,
35.63629242,139.50049034,
35.6710065,139.73300062,
35.6637827,139.739218,
35.73070094,139.71474584,
35.714391,139.760288,
35.65852173,139.70132603,
35.67214927,139.48025465,
35.72777124,139.77096319,
35.6637657,139.73924,
35.78177209,139.64260304,
35.67543363,139.67464565,
35.6299592,139.7908552,
35.6710065,139.73300062,
35.63014573,139.74042892,
35.64835412,139.71126073,
35.67589995,139.67404467,
35.69636837,139.43650442,
35.62797367,139.73795703,
35.72146737,139.7781086,
35.6710065,139.73300062,
35.63452758,139.79161084,
35.67321013,139.7361701,
35.63258739,139.53447819,
35.65784934,139.69584388,
35.54994821,139.78641272,
35.6390749,139.7893019,
35.67249697,139.7355315,
35.777929,139.72074,
35.63863889,139.78925586,
35.65852173,139.70132603,
35.67653148,139.62995933,
35.70173487,139.42952333,
35.69503898,139.69670555,
35.65895972,139.69554498,
35.69505139,139.69637022,
35.69514977,139.69633507,
35.69490886,139.69668787,
35.67100718,139.73300177,
35.6391445,139.7893485,
35.69490886,139.69668787,
35.67608822,139.67381909,
35.6296796,139.7924662,
35.65841757,139.69665547,
35.66669205,139.75813274,
35.67596174,139.67397966,
35.7080357,139.6650427,
35.67122542,139.73324942,
35.67106117,139.73306275,
35.73022733,139.71116066,
35.77083028,139.6923863,
35.629699,139.7924612,
35.7114144,139.5815567,
35.51058788,139.63131666,
35.52772084,139.69730003,
35.6296775,139.7924646,
35.6957559,139.6028108,
35.64445305,139.6994146,
35.6911262,139.6089614,
35.63805368,139.7892121,
35.72119091,139.34418605,
35.63249848,139.53466002,
35.6895437,139.6166383,
35.6836168,139.6159257,
35.65841757,139.69665547,
35.70801763,139.66516137,
35.6836168,139.6159257,
35.62395841,139.42288756,
35.69268748,139.7036612,
35.6191166,139.7255714,
35.6703893,139.6251166,
35.71063135,139.77895135,
35.64772188,139.70906188,
35.6107041,139.7457408,
35.74964694,139.80514526,
35.64913964,139.69937503,
35.77692762,139.63680439,
35.74135706,139.32987969,
35.6121747,139.7412574,
35.4176374,139.34393942,
35.7415743,139.3297688,
35.68343214,139.69874547,
35.64345423,139.80986806,
35.6087228,139.7452223,
35.6087254,139.7452523,
35.66524418,139.60462404,
35.609122,139.741466,
35.7416027,139.3298057,
35.6111571,139.7413269,
35.7415896,139.3297609,
35.7415985,139.3297631,
35.7415345,139.3298009,
35.77694453,139.63682428,
35.7415448,139.3297882,
35.7061842,139.6701177,
35.65450819,139.57783178,
35.7415309,139.3298105,
35.6122437,139.7411481,
35.7415437,139.3298056,
35.6119677,139.7415849,
35.66292312,139.70057666,
35.6086939,139.7448002,
35.7415379,139.3298022,
35.66243062,139.69790518,
35.6121747,139.7412574,
35.6123817,139.7409295,
35.66460896,139.70138276,
35.73332967,139.66923196,
35.73358531,139.6717951,
35.6087281,139.7452305,
35.61127639,139.65813012,
35.61128648,139.6582311,
35.61105489,139.65793263,
35.61127829,139.65812955,
35.61116396,139.65809743,
35.61115305,139.65806196,
35.61131429,139.65816323,
35.6087552,139.745279,
35.6087174,139.7452242,
35.6086655,139.7447795,
35.6087228,139.7452333,
35.65852173,139.70132603,
35.70065557,139.69747502,
35.533229,139.5274589,
35.65891431,139.69832238,
35.5936893,139.5730149,
35.6259266,139.6406473,
35.68137872,139.76608157,
35.6386915,139.8793044,
35.795221,139.68564,
35.785525,139.686022,
35.776814,139.694395,
35.76881,139.702236,
35.762343,139.705206,
35.756585,139.70754,
35.746111,139.708437,
35.62593401,139.88754264,
35.73588,139.701483,
35.71753,139.688115,
35.708951,139.684074,
35.697551,139.683072,
35.693207,139.696946,
35.4354589,139.6044029,
35.691288,139.69799,
35.731555,139.3750045,
35.69496,139.690966,
35.690593,139.692273,
35.69165,139.698132,
35.694966,139.691003,
35.69947,139.682976,
35.711786,139.685206,
35.721007,139.691033,
35.732489,139.698992,
35.738315,139.703894,
35.748278,139.708159,
35.6386915,139.8793044,
35.757052,139.707031,
35.767062,139.703219,
35.775038,139.696142,
35.783127,139.687888,
35.65296942,139.56189894,
35.79912,139.684582,
35.66034782,139.69919063,
35.65459777,139.5775175,
35.6521239,139.7509358,
35.71177479,139.75209229,
35.69745581,139.75000978,
35.56277893,139.56996918,
35.56277893,139.56996918,
35.6035069,139.71300526,
35.65164833,139.56119159,
35.43221143,139.39913929,
35.65289749,139.53756827,
35.65348018,139.56176215,
35.65351387,139.56316914,
35.656146,139.52540568,
35.65828891,139.52729238,
35.659639,139.52462951,
35.6652342,139.50583345,
35.73814473,139.76117824,
35.66670093,139.50139481,
35.66740595,139.49879235,
35.66738723,139.4988527,
35.67103956,139.48162905,
35.6710065,139.48165482,
35.64027778,139.5988889,
35.6087278,139.7452462,
35.73386179,139.70984461,
35.6585153,139.4906115,
35.64574513,139.9071589,
35.64029925,139.80298972,
35.6585296,139.4906072,
35.63474629,139.87686977,
35.7883547,139.4570175,
35.700298,139.742787,
35.6295353,139.79473829,
35.60493381,139.70266246,
35.6954752,139.69051674,
35.59688926,139.66731928,
35.70048787,139.81574535,
35.71103966,139.77573891,
35.68147677,139.76779742,
35.4706131,139.63269007,
35.70741188,139.65002128,
35.705714,139.722139,
35.68343214,139.69874547,
35.75863283,139.65271445,
35.6985962,139.77301825,
35.68343214,139.69874547,
35.49179951,139.66380808,
35.49832633,139.67233446,
35.50104177,139.67526499,
35.7009039,139.7708264,
35.50049191,139.6760451,
35.50067359,139.67589581,
35.50055884,139.67586614,
35.50062808,139.67592574,
35.711325,139.775508,
35.75376102,139.86971867,
35.54994821,139.78641272,
35.54949648,139.78386241,
35.49693019,139.69662569,
35.69634211,139.75104039,
35.69973739,139.77082142,
35.77702664,139.83211756,
35.65971746,139.66852695,
35.50133679,139.70454572,
35.66413038,139.52701092,
35.55000441,139.78646234,
35.4317044,139.40030336,
35.75086595,139.86690044,
35.6985962,139.77301825,
35.73046545,139.71132052,
35.69560428,139.70087975,
35.51491315,139.71498448,
35.71290244,139.70389724,
35.712946,139.70402598,
35.73068127,139.74156948,
35.6873786,139.63106537,
35.64301302,139.30376664,
35.51502295,139.71485188,
35.66614478,139.7312267,
35.70798476,139.75264907,
35.64305775,139.30376564,
35.70356969,139.56707746,
35.64337503,139.30400552,
35.72274106,139.63887545,
35.63168077,139.88373163,
35.69997164,139.77081031,
35.6431825,139.30384216,
35.71117597,139.5728338,
35.64306713,139.30378289,
35.6430569,139.30375622,
35.6908598,139.7048521,
35.64306117,139.30376688,
35.59004763,139.67914112,
35.64307611,139.30385483,
35.64306922,139.30379656,
35.64312233,139.303866,
35.58540356,139.64860136,
35.69920492,139.77042675,
35.52568285,139.74782655,
35.5210778,139.75552242,
35.69126935,139.70772207,
35.35588702,139.32783841,
35.72289368,139.63818848,
35.5210109,139.75590452,
35.35588702,139.32783841,
35.68343214,139.69874547,
35.38237055,139.3618397,
35.50762721,139.44490314,
35.6954752,139.69051674,
35.62086468,139.70086365,
35.68343214,139.69874547,
35.62086468,139.70086365,
35.74820013,139.70292675,
35.67551569,139.78060689,
35.71113176,139.79637763,
35.51172745,139.75888223,
35.64309354,139.30368256,
35.67033628,139.76571963,
35.68343214,139.69874547,
35.69043001,139.71001792,
35.67472909,139.73164201,
35.6412343,139.7566986,
35.64309726,139.30368341,
35.6411782,139.7566812,
35.6411796,139.7566811,
35.6411872,139.7566938,
35.64309252,139.30373579,
35.64306167,139.30374946,
35.6412703,139.7575173,
35.50352138,139.75957302,
35.74598772,139.69502373,
35.6411224,139.7566814,
35.6411224,139.7566814,
35.724446,139.640701,
35.67491261,139.73133895,
35.6412225,139.7567024,
35.6412708,139.7567063,
35.62901208,139.73959208,
35.6412703,139.7567463,
35.66458563,139.52704299,
35.66249163,139.48564053,
35.6412057,139.7566826,
35.67737014,139.64153007,
35.64304319,139.3038036,
35.6571446,139.4913084,
35.6412375,139.7566933,
35.59201882,139.68074115,
35.67458965,139.77767944,
35.64306304,139.30377075,
35.50433493,139.77167465,
35.72795298,139.71344827,
35.5051367,139.77498961,
35.67431075,139.76051331,
35.65852173,139.70132603,
35.64311454,139.30401156,
35.50531406,139.77562563,
35.50532245,139.77559503,
35.5053113,139.77559537,
35.64386025,139.70921831,
35.73332443,139.70409359,
35.50511344,139.77697268,
35.50524571,139.7760505,
35.73122179,139.71361145,
35.64310103,139.3037917,
35.63256127,139.68743048,
35.66556,139.71373077,
35.67246913,139.48140129,
35.50567687,139.7732253,
35.6943086,139.69247106,
35.50607305,139.77129034,
35.50583211,139.77134356,
35.71678759,139.85826373,
35.66190543,139.69980955,
35.50543334,139.77176442,
35.66413038,139.52701092,
35.6754394,139.76289511,
35.66297542,139.69719172,
35.63014573,139.74042892,
35.49677131,139.76347161,
35.61431923,139.65716226,
35.71911612,139.93379399,
35.68049631,139.69058654,
35.49666482,139.76331965,
35.61104578,139.6577303,
35.7218182,139.92727175,
35.61124447,139.65845031,
35.56831209,139.64859009,
35.49652036,139.76295009,
35.70233229,139.58004063,
35.67903251,139.69275524,
35.6985962,139.77301825,
35.7282847,139.8871679,
35.49656696,139.76352702,
35.69080269,139.70027923,
35.63226038,139.78955626,
35.6295353,139.79473829,
35.6985962,139.77301825,
35.69327564,139.69895527,
35.70054127,139.63738403,
35.67498184,139.75959063,
35.69997164,139.77081031,
35.66616133,139.71085489,
35.55637866,139.65909703,
35.49567156,139.76367395,
35.55609042,139.65942877,
35.69979378,139.77252377,
35.69439313,139.69280899,
35.50197531,139.75893951,
35.67359375,139.76880598,
35.55645867,139.65903013,
35.67869671,139.68711734,
35.52160486,139.75466275,
35.69882755,139.77304893,
35.69979378,139.77252377,
35.68137872,139.76608157,
35.64691362,139.70218033,
35.54529734,139.66400028,
35.5451209,139.6638319,
35.6987976,139.77472901,
35.46470363,139.62623512,
35.6840988,139.69974547,
35.46470363,139.62623512,
35.675392,139.765725,
35.51099104,139.71580197,
35.46470363,139.62623512,
35.6985962,139.77301825,
35.71068974,139.79767799,
35.70205613,139.76794302,
35.71358467,139.77644287,
35.71110571,139.79636908,
35.5246679,139.7440239,
35.67523245,139.76083291,
35.66249163,139.48564053,
35.70067084,139.77285147,
35.68137872,139.76608157,
35.61975336,139.77760519,
35.7066907,139.6666001,
35.7066907,139.6666001,
35.7066907,139.6666001,
35.6680603,139.8931427,
35.64717652,139.67242979,
35.70123715,139.77037311,
35.62822723,139.73871231,
35.70042996,139.76776379,
35.54594583,139.69184071,
35.67255891,139.76323843,
35.62504056,139.66197359,
35.69785794,139.77199452,
35.51099771,139.71574355,
35.51099771,139.71574355,
35.45782659,139.62303162,
35.4317044,139.40030336,
35.7770487,139.7208428,
35.69035519,139.7058659,
35.65375256,139.79543567,
35.7770487,139.7208428,
35.69080269,139.70027923,
35.68417611,139.70206261,
35.6840988,139.69974547,
35.69010824,139.7057882,
35.70112498,139.7705555,
35.6706763,139.70252395,
35.73046545,139.71132052,
35.65562956,139.61599194,
35.70998586,139.66784742,
35.71113176,139.79637763,
35.57957795,139.57301885,
35.62638796,139.88417174,
35.64729679,139.62132812,
35.69268748,139.7036612,
35.709914,139.809866,
35.70192109,139.82668072,
35.71035,139.812242,
35.64716384,139.62305546,
35.72947799,139.711997,
35.63679035,139.87827301,
35.6927714,139.7542604,
35.69689164,139.75974888,
35.68137872,139.76608157,
35.68113471,139.76781964,
35.6419645,139.6770348,
35.64749296,139.62442875,
35.57378378,139.63156343,
35.57379004,139.63160231,
35.694839,139.7532612,
35.66511535,139.71245885,
35.73356418,139.73976323,
35.6985962,139.77301825,
35.73792608,139.76102829,
35.56413524,139.65516576,
35.69904809,139.77090687,
35.56413524,139.65516576,
35.72274106,139.63887545,
35.67701252,139.73704398,
35.6364517,139.87872519,
35.6985962,139.77301825,
35.6657718,139.7072661,
35.61783385,139.67639387,
35.58648444,139.70524584,
35.69402282,139.70634878,
35.5490855,139.7839744,
35.69872354,139.7728622,
35.56413524,139.65516576,
35.72903414,139.7094655,
35.68173603,139.76484776,
35.73827442,139.84859705,
35.56413524,139.65516576,
35.43654554,139.61387054,
35.712946,139.70402598,
35.71290244,139.70389724,
35.56413524,139.65516576,
35.6412111,139.7567443,
35.56413524,139.65516576,
35.6411379,139.7567158,
35.7384257,139.84944021,
35.65341886,139.70449038,
35.68777928,139.77959429,
35.442515,139.645847,
35.68457077,139.6904805,
35.56413524,139.65516576,
35.56413524,139.65516576,
35.69687141,139.78783099,
35.71113176,139.79637763,
35.56413524,139.65516576,
35.56413524,139.65516576,
35.6661365,139.7582183,
35.6985962,139.77301825,
35.710036,139.810697,
35.6655857,139.682742,
35.65088123,139.7606509,
35.68777928,139.77959429,
35.6704453,139.7609217,
35.68777928,139.77959429,
35.56413524,139.65516576,
35.71113176,139.79637763,
35.56413524,139.65516576,
35.66634237,139.69198746,
35.69771,139.774351,
35.56413524,139.65516576,
35.65079718,139.76118026,
35.68777928,139.77959429,
35.70381902,139.77078148,
35.67694371,139.64325818,
35.68167477,139.76489961,
35.67694371,139.64325818,
35.67694371,139.64325818,
35.68777928,139.77959429,
35.67694371,139.64325818,
35.56413524,139.65516576,
35.56413524,139.65516576,
35.7007979,139.6892542,
35.7007979,139.6892542,
35.68852166,139.72252679,
35.69080269,139.70027923,
35.68137872,139.76608157,
35.67694371,139.64325818,
35.67694371,139.64325818,
35.68777928,139.77959429,
35.70076528,139.76934375,
35.68343214,139.69874547,
35.699583,139.765222,
35.68343214,139.69874547,
35.68861338,139.72253967,
35.68343214,139.69874547,
35.73881357,139.84957517,
35.68343214,139.69874547,
35.69080269,139.70027923,
35.6985962,139.77301825,
35.68343214,139.69874547,
35.68343214,139.69874547,
35.7007979,139.6892542,
35.67803764,139.77594674,
35.68343214,139.69874547,
35.7007979,139.6892542,
35.69080269,139.70027923,
35.69939225,139.77111608,
35.67803764,139.77594674,
35.69949898,139.77110267,
35.68343214,139.69874547,
35.7007979,139.6892542,
35.68343214,139.69874547,
35.68343214,139.69874547,
35.68343214,139.69874547,
35.67694371,139.64325818,
35.68343214,139.69874547,
35.68343214,139.69874547,
35.68343214,139.69874547,
35.6990372,139.77086261,
35.68343214,139.69874547,
35.68343214,139.69874547,
35.68343214,139.69874547,
35.7007979,139.6892542,
35.68343214,139.69874547,
35.64273344,139.59635069,
35.68343214,139.69874547,
35.68343214,139.69874547,
35.6919354,139.6981832,
35.700784,139.69732,
35.68343214,139.69874547,
35.68343214,139.69874547,
35.68343214,139.69874547,
35.671269,139.81491,
35.68343214,139.69874547,
35.69256767,139.69870448,
35.5075,139.6175,
35.68343214,139.69874547,
35.68343214,139.69874547,
35.68343214,139.69874547,
35.68343214,139.69874547,
35.68343214,139.69874547,
35.68343214,139.69874547,
35.68343214,139.69874547,
35.68343214,139.69874547,
35.68343214,139.69874547,
35.68343214,139.69874547,
35.68343214,139.69874547,
35.68343214,139.69874547,
35.68343214,139.69874547,
35.68343214,139.69874547,
35.68343214,139.69874547,
35.68343214,139.69874547,
35.68343214,139.69874547,
35.68343214,139.69874547,
35.68343214,139.69874547,
35.68343214,139.69874547,
35.68343214,139.69874547,
35.6985962,139.77301825,
35.68343214,139.69874547,
35.68343214,139.69874547,
35.68343214,139.69874547,
35.68343214,139.69874547,
35.68343214,139.69874547,
35.68343214,139.69874547,
35.68343214,139.69874547,
35.68343214,139.69874547,
35.68343214,139.69874547,
35.68343214,139.69874547,
35.68343214,139.69874547,
35.68343214,139.69874547,
35.68343214,139.69874547,
35.68343214,139.69874547,
35.68343214,139.69874547,
35.7048419,139.76622105,
35.68343214,139.69874547,
35.68343214,139.69874547,
35.68343214,139.69874547,
35.68343214,139.69874547,
35.68343214,139.69874547,
35.68343214,139.69874547,
35.70048787,139.77178395,
35.69607914,139.95326757,
35.661655,139.667516,
35.6411951,139.7566896,
35.7676502,139.44164,
35.6411295,139.7566881,
35.70048787,139.77178395,
35.67694371,139.64325818,
35.68137872,139.76608157,
35.6411152,139.7566736,
35.6411211,139.7566817,
35.6411185,139.7566827,
35.6616813,139.69879311,
35.6412974,139.7567703,
35.61969917,139.72855277,
35.68343214,139.69874547,
35.68343214,139.69874547,
35.68343214,139.69874547,
35.68343214,139.69874547,
35.68343214,139.69874547,
35.68343214,139.69874547,
35.68343214,139.69874547,
35.68343214,139.69874547,
35.68343214,139.69874547,
35.68343214,139.69874547,
35.7007979,139.6892542,
35.7007979,139.6892542,
35.67694371,139.64325818,
35.66176009,139.66649328,
35.7007979,139.6892542,
35.68343214,139.69874547,
35.68343214,139.69874547,
35.68343214,139.69874547,
35.68343214,139.69874547,
35.66186048,139.70106565,
35.68343214,139.69874547,
35.68343214,139.69874547,
35.7007979,139.6892542,
35.68343214,139.69874547,
35.68343214,139.69874547,
35.68343214,139.69874547,
35.68343214,139.69874547,
35.68343214,139.69874547,
35.68343214,139.69874547,
35.68343214,139.69874547,
35.67694371,139.64325818,
35.70033975,139.77115899,
35.68343214,139.69874547,
35.68343214,139.69874547,
35.68343214,139.69874547,
35.6958025,139.70195532,
35.7007979,139.6892542,
35.63452758,139.79161084,
35.68343214,139.69874547,
35.68343214,139.69874547,
35.69884334,139.77475315,
35.68343214,139.69874547,
35.68343214,139.69874547,
35.68343214,139.69874547,
35.68343214,139.69874547,
35.69876688,139.77306794,
35.68192418,139.76347776,
35.63853861,139.790597,
35.69635796,139.77591723,
35.64717652,139.67242979,
35.63491942,139.71986438,
35.63149488,139.77298924,
35.7007979,139.6892542,
35.7547062,139.4329769,
35.68343214,139.69874547,
35.68343214,139.69874547,
35.68343214,139.69874547,
35.6423096,139.7591739,
35.6485428,139.760177,
35.6495814,139.7589565,
35.6521745,139.7615552,
35.6474243,139.62250963,
35.68304104,139.70215917,
35.6552699,139.7614957,
35.73843553,139.84851927,
35.6627567,139.7603562,
35.69080269,139.70027923,
35.71113176,139.79637763,
35.6676255,139.7585738,
35.6657196,139.7586435,
35.65850795,139.701325,
35.6665989,139.7592382,
35.65911816,139.70184803,
35.6670869,139.7593121,
35.6670869,139.7593121,
35.63452758,139.79161084,
35.6670869,139.7593121,
35.6670869,139.7593121,
35.6670869,139.7593121,
35.6670869,139.7593121,
35.6435376,139.7449236,
35.6289591,139.7394165,
35.628967,139.7394364,
35.628967,139.7394364,
35.628967,139.7394364,
35.7732592,139.4363376,
35.628967,139.7394364,
35.7007979,139.6892542,
35.7732592,139.4363376,
35.68343214,139.69874547,
35.5951845,139.7326231,
35.77022406,139.94326815,
35.68343214,139.69874547,
35.68343214,139.69874547,
35.5950297,139.732648,
35.5836799,139.7251996,
35.6858685,139.6985255,
35.68343214,139.69874547,
35.66098084,139.70451424,
35.6858685,139.6985255,
35.5836799,139.7251996,
35.68343214,139.69874547,
35.69535867,139.6972923,
35.6858685,139.6985255,
35.5527361,139.7122972,
35.6858685,139.6985255,
35.68343214,139.69874547,
35.5527361,139.7122972,
35.68343214,139.69874547,
35.68343214,139.69874547,
35.708832,139.804021,
35.68343214,139.69874547,
35.68343214,139.69874547,
35.7732592,139.4363376,
35.68343214,139.69874547,
35.68343214,139.69874547,
35.68343214,139.69874547,
35.7692588,139.4391445,
35.68343214,139.69874547,
35.68149637,139.63412762,
35.68343214,139.69874547,
35.63014573,139.74042892,
35.68343214,139.69874547,
35.68343214,139.69874547,
35.68343214,139.69874547,
35.68343214,139.69874547,
35.68343214,139.69874547,
35.68343214,139.69874547,
35.63863889,139.78925586,
35.6625644,139.6676741,
35.68343214,139.69874547,
35.68343214,139.69874547,
35.68343214,139.69874547,
35.68343214,139.69874547,
35.68343214,139.69874547,
35.68343214,139.69874547,
35.68343214,139.69874547,
35.68343214,139.69874547,
35.68343214,139.69874547,
35.57957795,139.57301885,
35.68343214,139.69874547,
35.69076041,139.60605664,
35.68343214,139.69874547,
35.68343214,139.69874547,
35.68343214,139.69874547,
35.64728357,139.6218178,
35.68343214,139.69874547,
35.68343214,139.69874547,
35.68343214,139.69874547,
35.68343214,139.69874547,
35.68343214,139.69874547,
35.64729679,139.62132812,
35.778781,139.4378984,
35.73235316,139.88396843,
35.68343214,139.69874547,
35.65562956,139.61599194,
35.65598753,139.61750561,
35.65341886,139.70449038,
35.63434564,139.71965795,
35.65106387,139.76056355,
35.45952143,139.62633868,
35.71471791,139.70234563,
35.67125732,139.48968718,
35.44333333,139.37844444,
35.65760597,139.69851925,
35.63863889,139.78925586,
35.6393865,139.8821099,
35.68343214,139.69874547,
35.63863889,139.78925586,
35.63452758,139.79161084,
35.69949462,139.44654465,
35.65208921,139.831206,
35.68343214,139.69874547,
35.68343214,139.69874547,
35.74136879,139.32996267,
35.68343214,139.69874547,
35.7416004,139.3297729,
35.7412384,139.32997986,
35.68343214,139.69874547,
35.68343214,139.69874547,
35.7415391,139.3297981,
35.68343214,139.69874547,
35.68343214,139.69874547,
35.7415932,139.3297646,
35.68343214,139.69874547,
35.62557571,139.72371594,
35.7415855,139.3298066,
35.76154167,139.7314682,
35.65852173,139.70132603,
35.66841884,139.64986146,
35.59367661,139.49704789,
35.7062177,139.6510604,
35.69610528,139.79252815,
35.71113385,139.77519472,
35.69776947,139.6480751,
35.56665204,139.38781529,
35.70609293,139.50540568,
35.68948738,139.69166636,
35.69439313,139.69280899,
35.69377448,139.69422519,
35.65682046,139.61277198,
35.6954752,139.69051674,
35.63141536,139.60363263,
35.64066176,139.80342865,
35.523569,139.493946,
35.65136821,139.63663816,
35.67706253,139.79282512,
35.6931376,139.8056506,
35.44086909,139.36580907,
35.69080269,139.70027923,
35.50856499,139.67601702,
35.699583,139.765222,
35.68137872,139.76608157,
35.6985962,139.77301825,
35.62973,139.68167,
35.67696502,139.79292881,
35.73017978,139.71130273,
35.70048787,139.77178395,
35.53564925,139.72616762,
35.69833581,139.77303386,
35.53529075,139.72666383,
35.65651168,139.31238592,
35.711836,139.6054143,
35.71181823,139.60533923,
35.71183367,139.60563996,
35.71183367,139.60563996,
35.71191884,139.60574125,
35.71191884,139.60574125,
35.6987976,139.77472901,
35.71190196,139.60588447,
35.71193871,139.60573767,
35.71194367,139.6057415,
35.71198218,139.60562121,
35.71191288,139.60570105,
35.5654036,139.6567292,
35.69295978,139.73639488,
35.5647481,139.6550294,
35.64592362,139.8269248,
35.56497524,139.65404704,
35.6295353,139.79473829,
35.69603776,139.69838262,
35.66443894,139.66705759,
35.73046545,139.71132052,
35.71972959,139.65170319,
35.6985962,139.77301825,
35.65486406,139.79626715,
35.69776947,139.6480751,
35.65950992,139.72346687,
35.7308231,139.7152661,
35.68907873,139.70078759,
35.65950992,139.72346687,
35.63022857,139.79136676,
35.6558683,139.73600278,
35.69080269,139.70027923,
35.7315226,139.7141231,
35.70138527,139.77089345,
35.51865273,139.48333114,
35.6295353,139.79473829,
35.69080269,139.70027923,
35.69658697,139.69621452,
35.69508821,139.69746954,
35.778203,139.721526,
35.6987976,139.77472901,
35.65979143,139.69772609,
35.69510165,139.69739727,
35.4394379,139.36418153,
35.69949898,139.77110267,
35.69669146,139.69716338,
35.76799349,139.70764186,
35.70030449,139.77044201,
35.731479,139.7147527,
35.57957795,139.57301885,
35.70168203,139.77161019,
35.76914887,139.70785618,
35.731479,139.7147527,
35.6295353,139.79473829,
35.6983271,139.77162838,
35.6945747,139.69881254,
35.69501133,139.697478,
35.6742127,139.74505842,
35.67924358,139.39400017,
35.70478309,139.75349665,
35.7019955,139.9882785,
35.69789146,139.41386461,
35.69977343,139.46592629,
35.77293755,139.69845904,
35.60764845,139.73473728,
35.60706511,139.73438971,
35.44291078,139.64977026,
35.70123933,139.77203339,
35.772855,139.69840676,
35.63014573,139.74042892,
35.62797367,139.73795703,
35.7317306,139.7144879,
35.662265,139.70179439,
35.54994821,139.78641272,
35.65653403,139.75727169,
35.54994821,139.78641272,
35.45744527,139.63484108,
35.66569718,139.83522892,
35.645374,139.718107,
35.69884831,139.75597654,
35.43943787,139.36418152,
35.65556574,139.79247144,
35.6987976,139.77472901,
35.6706763,139.70252395,
35.439438,139.364182,
35.43943787,139.36418152,
35.5201296,139.712373,
35.43943787,139.36418152,
35.43943787,139.36418152,
35.52007175,139.50139046,
35.5322244,139.6958158,
35.43943787,139.36418152,
35.532202,139.6956803,
35.70167714,139.77042675,
35.70074054,139.77187514,
35.68122212,139.68636012,
35.66616133,139.71085489,
35.55048385,139.78274892,
35.69888581,139.770872,
35.69643202,139.81394291,
35.73104195,139.70661186,
35.63294491,139.79327917,
35.44307868,139.6456901,
35.70048787,139.81574535,
35.5317091,139.6961631,
35.75679574,139.67864766,
35.51899494,139.4990095,
35.68181,139.685298,
35.43943787,139.36418152,
35.61750024,139.77935314,
35.43943787,139.36418152,
35.71201498,139.60569993,
35.76031918,139.53393504,
35.43943787,139.36418152,
35.43943787,139.36418152,
35.43943787,139.36418152,
35.61690214,139.74142977,
35.61226704,139.6283555,
35.43943787,139.36418152,
35.43943787,139.36418152,
35.65907021,139.69891101,
35.61548114,139.77750242,
35.76946772,139.70724556,
35.65611,139.75637,
35.76946772,139.70724556,
35.76946772,139.70724556,
35.549707,139.782378,
35.70314954,139.58020449,
35.70030189,139.77777903,
35.6794607,139.6846962,
35.65948428,139.38127041,
35.65856462,139.74547684,
35.78131,139.722481,
35.70739453,139.95707631,
35.43943787,139.36418152,
35.43943787,139.36418152,
35.43943787,139.36418152,
35.74964694,139.80514526,
35.69080269,139.70027923,
35.62822723,139.73871231,
35.74906355,139.80347693,
35.6916876,139.77088004,
35.50289342,139.45727348,
35.62608195,139.7811985,
35.689579,139.697925,
35.66380786,139.73027945,
35.69920492,139.77042675,
35.64563387,139.82640169,
35.6987976,139.77472901,
35.71267159,139.70338494,
35.69468934,139.769071,
35.74921219,139.5859761,
35.625961,139.782298,
35.64582955,139.82618015,
35.66669205,139.75813274,
35.68993614,139.70631391,
35.70558461,139.75190878,
35.64274618,139.82518824,
35.70583367,139.57767965,
35.64240582,139.82498791,
35.70625599,139.77280834,
35.70048787,139.77178395,
35.6983271,139.77162838,
35.75894578,139.53257918,
35.67115936,139.65859341,
35.64229575,139.82569632,
35.64221025,139.82565149,
35.69355682,139.77257487,
35.43666458,139.36469547,
35.43666077,139.36470032,
35.43750288,139.36378575,
35.44682051,139.64260742,
35.7509269,139.80466247,
35.70583367,139.57767965,
35.70033975,139.77115899,
35.62443939,139.77557915,
35.729866,139.71646,
35.60136344,139.46685433,
35.74932965,139.80400369,
35.43667636,139.36468047,
35.6983271,139.77162838,
35.40056399,139.5342046,
35.43666089,139.36470016,
35.63685604,139.90918636,
35.75950733,139.51160431,
35.69604429,139.81689334,
35.69080269,139.70027923,
35.69393365,139.70165521,
35.42324887,139.60212886,
35.69914985,139.7730634,
35.68701657,139.77439093,
35.69886142,139.77352121,
35.61548114,139.77750242,
35.70418088,139.58207079,
35.70632072,139.50609413,
35.69560428,139.76922512,
35.68344409,139.65713024,
35.69494643,139.76758897,
35.69552749,139.76846807,
35.70108033,139.5066154,
35.70583367,139.57767965,
35.750999,139.80301,
35.7780975,139.6339327,
35.7776141,139.6349315,
35.7776141,139.6349315,
35.7776141,139.6349315,
35.70320475,139.65077733,
35.7781316,139.6326313,
35.70813068,139.75245059,
35.46619268,139.62269068,
35.65047306,139.63711218,
35.67047247,139.72926355,
35.759389,139.5115,
35.65047924,139.63708119,
35.65740221,139.72314033,
35.708599,139.7725,
35.74332939,139.78093643,
35.58992753,139.49812789,
35.65047924,139.63708119,
35.43666083,139.36470024,
35.71113385,139.77519472,
35.59127597,139.49734661,
35.59344656,139.49930851,
35.64832992,139.71090317,
35.64749082,139.66850533,
35.50856499,139.67601702,
35.65047924,139.63708119,
35.65552815,139.79213122,
35.44082852,139.36737323,
35.70846,139.772202,
35.703213,139.6507765,
35.703213,139.6507765,
35.70147597,139.59161422,
35.7009169,139.98563666,
35.65047924,139.63708119,
35.66108044,139.66853529,
35.67048353,139.72922985,
35.6598504,139.70206261,
35.63398055,139.79141149,
35.62708602,139.77265625,
35.65486406,139.79626715,
35.56247782,139.71605033,
35.52377417,139.6778369,
35.63995551,139.78889108,
35.63853861,139.790597,
35.67048467,139.72926226,
35.65047924,139.63708119,
35.56238035,139.71499522,
35.69134886,139.70304966,
35.59377243,139.49700988,
35.69804707,139.64375571,
35.64597986,139.8265839,
35.69979378,139.77252377,
35.75050735,139.80384827,
35.74964694,139.80514526,
35.72403874,139.75313721,
35.6625427,139.70932971,
35.70621705,139.50558719,
35.704203,139.57971,
35.66695967,139.73100181,
35.70320182,139.57990408,
35.77293755,139.69845904,
35.77293755,139.69845904,
35.70186138,139.57597838,
35.58889545,139.73030377,
35.63863889,139.78925586,
35.72883476,139.71381818,
35.69038049,139.70057094,
35.74874046,139.72134078,
35.69620984,139.41262342,
35.69789146,139.41386461,
35.69387702,139.76505074,
35.77729458,139.72121121,
35.77889662,139.72112774,
35.71175826,139.70438281,
35.50876314,139.44275334,
35.4529825,139.33677319,
35.70320182,139.57990408,
35.66247086,139.70193952,
35.69167017,139.77087736,
35.63716647,139.69250578,
35.64695529,139.67779364,
35.62404695,139.63220602,
35.70022976,139.7397283,
35.69777431,139.77043604,
35.78843037,139.98603978,
35.78841532,139.98560823,
35.78833699,139.9854949,
35.69777431,139.77043604,
35.68687536,139.69315499,
35.69777431,139.77043604,
35.700889,139.745634,
35.61894803,139.72774208,
35.70560857,139.65206623,
35.70528565,139.64930748,
35.700501,139.748746,
35.6985962,139.77301825,
35.68731151,139.69300964,
35.6954752,139.69051674,
35.61969917,139.72855277,
35.69777431,139.77043604,
35.39985999,139.61790562,
35.62752523,139.77879524,
35.7222776,139.7030397,
35.47795341,139.63331223,
35.6271,139.778111,
35.7284261,139.7093328,
35.50697736,139.61729648,
35.69080269,139.70027923,
35.7284261,139.7093328,
35.60706511,139.73438971,
35.73022733,139.71116066,
35.43649484,139.37729001,
35.46619268,139.62269068,
35.79740902,139.68598352,
35.63452758,139.79161084,
35.61175235,139.72082761,
35.46472465,139.62501884,
35.63158021,139.79871869,
35.70635736,139.57613793,
35.45455257,139.67395306,
35.55137977,139.78840828,
35.48741477,139.64718094,
35.68455954,139.61528778,
35.46619268,139.62269068,
35.60176472,139.69047546,
35.55477,139.788288,
35.69439313,139.69280899,
35.58806229,139.69291255,
35.69948155,139.77098197,
35.63170665,139.33015823,
35.41253106,139.46547836,
35.75101398,139.71176147,
35.702002,139.754315,
35.50803115,139.44410115,
35.61750024,139.77935314,
35.64592362,139.8269248,
35.44855632,139.63104928,
35.63452758,139.79161084,
35.65852173,139.70132603,
35.68137872,139.76608157,
35.6295353,139.79473829,
35.66751669,139.70610819,
35.49573106,139.44798231,
35.75429304,139.73286805,
35.56275094,139.71704065,
35.63716647,139.69250578,
35.56275094,139.71704065,
35.64135971,139.33252575,
35.56275094,139.71704065,
35.35379363,139.53124881,
35.354415,139.531401,
35.35314384,139.53107281,
35.54395111,139.44516063,
35.65060102,139.68430638,
35.64923772,139.68132779,
35.7290052,139.7201181,
35.729012,139.7200191,
35.353568,139.532092,
35.52703801,139.70091922,
35.56275094,139.71704065,
35.59684032,139.46057541,
35.68775113,139.72092122,
35.73209113,139.71654654,
35.6217915,139.42682511,
35.65852173,139.70132603,
35.6374873,139.7460813,
35.54199781,139.44786161,
35.6374873,139.7460813,
35.72536344,139.75596157,
35.62822723,139.73871231,
35.67635845,139.73748114,
35.62398675,139.7430709,
35.75262478,139.73793983,
35.65560469,139.7059912,
35.6217915,139.42682511,
35.654167,139.754167,
35.63716647,139.69250578,
35.594294,139.57336,
35.63716647,139.69250578,
35.69696816,139.6899833,
35.68784916,139.72175002,
35.46619268,139.62269068,
35.6217915,139.42682511,
35.65534353,139.75629151,
35.65561814,139.75674212,
35.508558,139.484583,
35.6985962,139.77301825,
35.64930295,139.91246796,
35.69617281,139.77088809,
35.53183207,139.49468645,
35.66188146,139.70105678,
35.61333115,139.62646723,
35.67594271,139.77975011,
35.396226,139.466404,
35.655239,139.30436,
35.68417611,139.70206261,
35.62797367,139.73795703,
35.73003573,139.7151196,
35.57555087,139.65829432,
35.54994821,139.78641272,
35.630957,139.783917,
35.7175,139.77138889,
35.60503828,139.7063758,
35.60519745,139.70634923,
35.64580815,139.82620544,
35.71358467,139.77644287,
35.57262315,139.65974808,
35.69924195,139.77093637,
35.6217915,139.42682511,
35.54553591,139.76945779,
35.7041646,139.7547693,
35.61504046,139.62746495,
35.6985962,139.77301825,
35.54481656,139.76834745,
35.6217915,139.42682511,
35.35509463,139.53146741,
35.70151603,139.77530955,
35.67253277,139.73536491,
35.73046545,139.71132052,
35.59981615,139.61067447,
35.71768878,139.7284197,
35.67259909,139.73588483,
35.422601,139.335936,
35.70170763,139.98521805,
35.5489323,139.7691626,
35.689475,139.700349,
35.7215511,139.6931403,
35.655725,139.70062304,
35.530833,139.6975,
35.405927,139.374345,
35.7215405,139.693126,
35.68903355,139.70605115,
35.7215402,139.6931258,
35.69745363,139.77883816,
35.68198254,139.76724829,
35.65580974,139.70041387,
35.60706511,139.73438971,
35.6912563,139.7707109,
35.68214993,139.76727379,
35.350189,139.456979,
35.70073836,139.77188319,
35.690531,139.769343,
35.64930295,139.91246796,
35.69214108,139.70109526,
35.65634778,139.70113739,
35.73354808,139.88441273,
35.6985962,139.77301825,
35.376768,139.384426,
35.69775627,139.77252877,
35.71289346,139.79263124,
35.67067928,139.70822103,
35.68161709,139.76953449,
35.73139221,139.70930189,
35.430835,139.383155,
35.53013992,139.6976155,
35.73493647,139.74017378,
35.7114014,139.79788517,
35.73450561,139.73989855,
35.52684408,139.70584456,
35.444321,139.412109,
35.47963,139.459911,
35.485125,139.464224,
35.65669911,139.75382388,
35.624872,139.639435,
35.62593893,139.88571407,
35.686895,139.988481,
35.6452887,139.74841621,
35.7387994,139.4828204,
35.7387994,139.4828204,
35.758403,139.706482,
35.7388482,139.4828037,
35.53045831,139.63915081,
35.69896314,139.77515817,
35.7388202,139.4828575,
35.52829167,139.69764627,
35.7388118,139.4828668,
35.61060161,139.52381278,
35.57588099,139.65516037,
35.5310993,139.6970666,
35.738801,139.4828267,
35.7387962,139.4828438,
35.67970471,139.76830985,
35.6062,139.6935,
35.7388296,139.4828182,
35.7388302,139.4828108,
35.7388262,139.4828002,
35.661398,139.755268,
35.7388363,139.4827792,
35.70327805,139.57846373,
35.7388166,139.4827941,
35.7388223,139.4827553,
35.7388305,139.4828007,
35.69014467,139.7080167,
35.7388338,139.4827894,
35.66200256,139.73298645,
35.66200256,139.73298645,
35.7388321,139.4828061,
35.40053378,139.53424753,
35.6983772,139.77516353,
35.68137872,139.76608157,
35.35314384,139.53107281,
35.64231839,139.82501507,
35.6710065,139.7779164,
35.691996,139.708435,
35.661862,139.697747,
35.7172032,139.74424869,
35.69949898,139.77110267,
35.7388178,139.4827831,
35.7388228,139.4827773,
35.7388119,139.4827734,
35.7388465,139.4827944,
35.7878018,139.71675893,
35.65702347,139.70335825,
35.7388184,139.4827588,
35.7388141,139.4827522,
35.7388316,139.4827766,
35.68593014,139.73073655,
35.66062613,139.7287326,
35.6602797,139.72922384,
35.70097956,139.77735555,
35.41294714,139.59886741,
35.41311053,139.59893326,
35.71027138,139.77853483,
35.70368535,139.57922816,
35.64465989,139.74606877,
35.66200256,139.73217108,
35.64345423,139.80986806,
35.35509463,139.53146741,
